รหัสนักศึกษา,ชื่อ นามสกุล,กลุ่ม,ชมรมเช้า ช่วงที่ 1,ชมรมเช้า ช่วงที่ 2,ชมรมเช้า ช่วงที่ 3,ชมรมเช้า ช่วงที่ 4,ชมรมบ่าย ช่วงที่ 1,ชมรมบ่าย ช่วงที่ 2,ชมรมบ่าย ช่วงที่ 3,ชมรมบ่าย ช่วงที่ 4,การเปลี่ยนชมรม,ฐานเช้า อันดับที่ 1,ฐานเช้า อันดับที่ 2,ฐานเช้า อันดับที่ 3,ฐานเช้า อันดับที่ 4,ฐานเช้า อันดับที่ 5,ฐานเช้า อันดับที่ 6,ฐานเช้า อันดับที่ 7,ฐานเช้า อันดับที่ 8,ฐานบ่าย อันดับที่ 1,ฐานบ่าย อันดับที่ 2,ฐานบ่าย อันดับที่ 3,ฐานบ่าย อันดับที่ 4,ฐานบ่าย อันดับที่ 5,ฐานบ่าย อันดับที่ 6,ฐานบ่าย อันดับที่ 7,ฐานบ่าย อันดับที่ 8
680710000,,0,แชร์บอล,ฟุตบอล,CHORUS,บาสเก็ตบอล,หมอน้อย,ปิงปอง,E-sport,Bridge,ไม่มีการเปลี่ยนแปลง,แชร์บอล,ฟุตบอล,CHORUS,บาสเก็ตบอล,DEVIL,MUAN,ดนตรีไทย,Swimming (ชมรมว่ายน้ำและโปโลน้ำ),หมอน้อย,ปิงปอง,E-sport,Bridge,Research,cheerleader,แบตมินตัน,ดนตรีสากล
680710010,,0,แชร์บอล,ART,บาสเก็ตบอล,Swimming (ชมรมว่ายน้ำและโปโลน้ำ),ปิงปอง,E-sport,CMSO,หมอน้อย,ไม่มีการเปลี่ยนแปลง,แชร์บอล,ART,บาสเก็ตบอล,Swimming (ชมรมว่ายน้ำและโปโลน้ำ),ดนตรีไทย,วอลเลย์บอล,เปตอง,เทนนิส,ปิงปอง,E-sport,CMSO,หมอน้อย,พอช.,ดนตรีสากล,แบตมินตัน,Bridge
680710020,,0,เทนนิส,Swimming (ชมรมว่ายน้ำและโปโลน้ำ),เปตอง,วิ่ง,IMSU,Libir,E-sport,หมอน้อย,ไม่มีการเปลี่ยนแปลง,เทนนิส,Swimming (ชมรมว่ายน้ำและโปโลน้ำ),เปตอง,วิ่ง,ฟุตบอล,วอลเลย์บอล,CHORUS,แชร์บอล,IMSU,Libir,E-sport,หมอน้อย,Bridge,coverdance,ดนตรีสากล,CMSO
680710030,,0,Swimming (ชมรมว่ายน้ำและโปโลน้ำ),บาสเก็ตบอล,วิ่ง,CHORUS,cheerleader,coverdance,ปิงปอง,แบตมินตัน,ไม่มีการเปลี่ยนแปลง,Swimming (ชมรมว่ายน้ำและโปโลน้ำ),บาสเก็ตบอล,วิ่ง,CHORUS,ดนตรีไทย,DEVIL,ฟุตบอล,เทนนิส,cheerleader,coverdance,ปิงปอง,แบตมินตัน,ดนตรีสากล,Bridge,MCCC,IMSU
680710040,,0,MUAN,บาสเก็ตบอล,ฟุตบอล,วอลเลย์บอล,ปิงปอง,coverdance,Research,แบตมินตัน,ไม่มีการเปลี่ยนแปลง,MUAN,บาสเก็ตบอล,ฟุตบอล,วอลเลย์บอล,ART,CHORUS,วิ่ง,เปตอง,ปิงปอง,coverdance,Research,แบตมินตัน,พอช.,cheerleader,CMSO,ดนตรีสากล
680710050,,0,เทนนิส,แชร์บอล,Swimming (ชมรมว่ายน้ำและโปโลน้ำ),ดนตรีไทย,Libir,ดนตรีสากล,ปิงปอง,CMSO,ไม่มีการเปลี่ยนแปลง,เทนนิส,แชร์บอล,Swimming (ชมรมว่ายน้ำและโปโลน้ำ),ดนตรีไทย,ฟุตบอล,CHORUS,DEVIL,เปตอง,Libir,ดนตรีสากล,ปิงปอง,CMSO,แบตมินตัน,Bridge,IMSU,E-sport
680710060,,0,ดนตรีไทย,CHORUS,Swimming (ชมรมว่ายน้ำและโปโลน้ำ),บาสเก็ตบอล,coverdance,IMSU,MCCC,cheerleader,ไม่มีการเปลี่ยนแปลง,ดนตรีไทย,CHORUS,Swimming (ชมรมว่ายน้ำและโปโลน้ำ),บาสเก็ตบอล,MUAN,ART,วิ่ง,DEVIL,coverdance,IMSU,MCCC,cheerleader,ปิงปอง,Bridge,แบตมินตัน,CMSO
680710070,,0,CHORUS,ฟุตบอล,วิ่ง,วอลเลย์บอล,MCCC,ปิงปอง,ดนตรีสากล,Research,ไม่มีการเปลี่ยนแปลง,CHORUS,ฟุตบอล,วิ่ง,วอลเลย์บอล,ART,แชร์บอล,DEVIL,Swimming (ชมรมว่ายน้ำและโปโลน้ำ),MCCC,ปิงปอง,ดนตรีสากล,Research,cheerleader,หมอน้อย,coverdance,CMSO
680710080,,0,ฟุตบอล,ART,ดนตรีไทย,Swimming (ชมรมว่ายน้ำและโปโลน้ำ),Libir,coverdance,หมอน้อย,IMSU,ไม่มีการเปลี่ยนแปลง,ฟุตบอล,ART,ดนตรีไทย,Swimming (ชมรมว่ายน้ำและโปโลน้ำ),วอลเลย์บอล,แชร์บอล,บาสเก็ตบอล,DEVIL,Libir,coverdance,หมอน้อย,IMSU,E-sport,cheerleader,MCCC,Research
680710090,,0,ART,เทนนิส,แชร์บอล,บาสเก็ตบอล,Research,cheerleader,ดนตรีสากล,coverdance,ไม่มีการเปลี่ยนแปลง,ART,เทนนิส,แชร์บอล,บาสเก็ตบอล,วอลเลย์บอล,วิ่ง,Swimming (ชมรมว่ายน้ำและโปโลน้ำ),MUAN,Research,cheerleader,ดนตรีสากล,coverdance,พอช.,IMSU,ปิงปอง,Bridge
680710100,,0,ฟุตบอล,DEVIL,CHORUS,บาสเก็ตบอล,แบตมินตัน,พอช.,ปิงปอง,Research,ไม่มีการเปลี่ยนแปลง,ฟุตบอล,DEVIL,CHORUS,บาสเก็ตบอล,Swimming (ชมรมว่ายน้ำและโปโลน้ำ),เปตอง,ART,ดนตรีไทย,แบตมินตัน,พอช.,ปิงปอง,Research,MCCC,E-sport,Bridge,IMSU
680710110,,0,วิ่ง,DEVIL,บาสเก็ตบอล,แชร์บอล,cheerleader,Bridge,Libir,หมอน้อย,ไม่มีการเปลี่ยนแปลง,วิ่ง,DEVIL,บาสเก็ตบอล,แชร์บอล,วอลเลย์บอล,CHORUS,ฟุตบอล,ART,cheerleader,Bridge,Libir,หมอน้อย,MCCC,ดนตรีสากล,พอช.,แบตมินตัน
680710120,,0,ฟุตบอล,ดนตรีไทย,บาสเก็ตบอล,CHORUS,coverdance,ดนตรีสากล,แบตมินตัน,Research,ไม่มีการเปลี่ยนแปลง,ฟุตบอล,ดนตรีไทย,บาสเก็ตบอล,CHORUS,MUAN,DEVIL,เทนนิส,เปตอง,coverdance,ดนตรีสากล,แบตมินตัน,Research,cheerleader,MCCC,Bridge,Libir
680710130,,0,เทนนิส,ART,ฟุตบอล,บาสเก็ตบอล,หมอน้อย,MCCC,แบตมินตัน,coverdance,ไม่มีการเปลี่ยนแปลง,เทนนิส,ART,ฟุตบอล,บาสเก็ตบอล,วิ่ง,Swimming (ชมรมว่ายน้ำและโปโลน้ำ),เปตอง,MUAN,หมอน้อย,MCCC,แบตมินตัน,coverdance,พอช.,Libir,Bridge,ปิงปอง
680710140,,0,เปตอง,บาสเก็ตบอล,ฟุตบอล,DEVIL,E-sport,MCCC,coverdance,IMSU,ไม่มีการเปลี่ยนแปลง,เปตอง,บาสเก็ตบอล,ฟุตบอล,DEVIL,ดนตรีไทย,แชร์บอล,MUAN,Swimming (ชมรมว่ายน้ำและโปโลน้ำ),E-sport,MCCC,coverdance,IMSU,cheerleader,Research,Libir,CMSO
680710150,,0,วิ่ง,CHORUS,Swimming (ชมรมว่ายน้ำและโปโลน้ำ),วอลเลย์บอล,E-sport,Bridge,MCCC,พอช.,ไม่มีการเปลี่ยนแปลง,วิ่ง,CHORUS,Swimming (ชมรมว่ายน้ำและโปโลน้ำ),วอลเลย์บอล,ดนตรีไทย,ฟุตบอล,เปตอง,บาสเก็ตบอล,E-sport,Bridge,MCCC,พอช.,ปิงปอง,CMSO,แบตมินตัน,Libir
680710160,,0,MUAN,ดนตรีไทย,DEVIL,CHORUS,E-sport,ดนตรีสากล,MCCC,Bridge,ไม่มีการเปลี่ยนแปลง,MUAN,ดนตรีไทย,DEVIL,CHORUS,วิ่ง,เปตอง,Swimming (ชมรมว่ายน้ำและโปโลน้ำ),เทนนิส,E-sport,ดนตรีสากล,MCCC,Bridge,แบตมินตัน,CMSO,พอช.,coverdance
680710170,,0,ดนตรีไทย,แชร์บอล,เปตอง,เทนนิส,MCCC,coverdance,พอช.,ดนตรีสากล,บ่าย ช่วงที่ 1: ปิงปอง → MCCC,ดนตรีไทย,แชร์บอล,เปตอง,เทนนิส,บาสเก็ตบอล,วอลเลย์บอล,ฟุตบอล,Swimming (ชมรมว่ายน้ำและโปโลน้ำ),ปิงปอง,coverdance,พอช.,ดนตรีสากล,MCCC,Research,IMSU,E-sport
680710180,,0,บาสเก็ตบอล,วิ่ง,MUAN,ดนตรีไทย,coverdance,แบตมินตัน,cheerleader,E-sport,เช้า ช่วงที่ 1: ฟุตบอล → บาสเก็ตบอล,ฟุตบอล,วิ่ง,MUAN,ดนตรีไทย,บาสเก็ตบอล,แชร์บอล,DEVIL,Swimming (ชมรมว่ายน้ำและโปโลน้ำ),coverdance,แบตมินตัน,cheerleader,E-sport,ปิงปอง,พอช.,หมอน้อย,Libir
680710190,,0,CHORUS,แชร์บอล,เปตอง,MUAN,E-sport,IMSU,cheerleader,Libir,ไม่มีการเปลี่ยนแปลง,CHORUS,แชร์บอล,เปตอง,MUAN,เทนนิส,Swimming (ชมรมว่ายน้ำและโปโลน้ำ),ART,บาสเก็ตบอล,E-sport,IMSU,cheerleader,Libir,พอช.,ดนตรีสากล,MCCC,coverdance
680710200,,0,MUAN,เทนนิส,CHORUS,วิ่ง,coverdance,Libir,พอช.,Bridge,เช้า ช่วงที่ 2: บาสเก็ตบอล → เทนนิส,MUAN,บาสเก็ตบอล,CHORUS,วิ่ง,ฟุตบอล,DEVIL,เทนนิส,วอลเลย์บอล,coverdance,Libir,พอช.,Bridge,หมอน้อย,Research,MCCC,E-sport
680710210,,0,Swimming (ชมรมว่ายน้ำและโปโลน้ำ),ฟุตบอล,แชร์บอล,วอลเลย์บอล,cheerleader,ปิงปอง,แบตมินตัน,Research,บ่าย ช่วงที่ 4: IMSU → Research,Swimming (ชมรมว่ายน้ำและโปโลน้ำ),ฟุตบอล,แชร์บอล,วอลเลย์บอล,เทนนิส,ดนตรีไทย,บาสเก็ตบอล,ART,cheerleader,ปิงปอง,แบตมินตัน,IMSU,E-sport,Research,พอช.,ดนตรีสากล
680710220,,0,DEVIL,วอลเลย์บอล,CHORUS,ฟุตบอล,MCCC,IMSU,แบตมินตัน,E-sport,"เช้า ช่วงที่ 4: แชร์บอล → ฟุตบอล, บ่าย ช่วงที่ 2: cheerleader → IMSU",DEVIL,วอลเลย์บอล,CHORUS,แชร์บอล,วิ่ง,ฟุตบอล,บาสเก็ตบอล,MUAN,MCCC,cheerleader,แบตมินตัน,E-sport,IMSU,coverdance,ปิงปอง,CMSO
680710230,,0,MUAN,วอลเลย์บอล,แชร์บอล,DEVIL,Libir,IMSU,CMSO,Bridge,"เช้า ช่วงที่ 1: เทนนิส → MUAN, เช้า ช่วงที่ 2: บาสเก็ตบอล → วอลเลย์บอล, บ่าย ช่วงที่ 1: cheerleader → Libir",เทนนิส,บาสเก็ตบอล,แชร์บอล,DEVIL,MUAN,วิ่ง,ฟุตบอล,วอลเลย์บอล,cheerleader,IMSU,CMSO,Bridge,Libir,แบตมินตัน,พอช.,MCCC
680710240,,0,ดนตรีไทย,วอลเลย์บอล,ART,MUAN,cheerleader,IMSU,coverdance,แบตมินตัน,"เช้า ช่วงที่ 1: CHORUS → ดนตรีไทย, เช้า ช่วงที่ 2: Swimming (ชมรมว่ายน้ำและโปโลน้ำ) → วอลเลย์บอล, เช้า ช่วงที่ 3: ฟุตบอล → ART, บ่าย ช่วงที่ 1: ปิงปอง → cheerleader, บ่าย ช่วงที่ 3: ดนตรีสากล → coverdance",CHORUS,Swimming (ชมรมว่ายน้ำและโปโลน้ำ),ฟุตบอล,MUAN,ดนตรีไทย,DEVIL,วอลเลย์บอล,ART,ปิงปอง,IMSU,ดนตรีสากล,แบตมินตัน,cheerleader,coverdance,E-sport,พอช.
--- จบกลุ่ม 0 ---,,,,,,,,,,,,,,,,,,,,,,,,,,,
680710001,,1,ฟุตบอล,วิ่ง,แชร์บอล,เปตอง,หมอน้อย,ปิงปอง,cheerleader,Research,ไม่มีการเปลี่ยนแปลง,ฟุตบอล,วิ่ง,แชร์บอล,เปตอง,DEVIL,บาสเก็ตบอล,Swimming (ชมรมว่ายน้ำและโปโลน้ำ),CHORUS,หมอน้อย,ปิงปอง,cheerleader,Research,MCCC,E-sport,พอช.,coverdance
680710011,,1,ดนตรีไทย,CHORUS,แชร์บอล,บาสเก็ตบอล,ดนตรีสากล,Libir,ปิงปอง,IMSU,ไม่มีการเปลี่ยนแปลง,ดนตรีไทย,CHORUS,แชร์บอล,บาสเก็ตบอล,Swimming (ชมรมว่ายน้ำและโปโลน้ำ),เทนนิส,วอลเลย์บอล,DEVIL,ดนตรีสากล,Libir,ปิงปอง,IMSU,E-sport,Bridge,coverdance,MCCC
680710021,,1,แชร์บอล,วิ่ง,MUAN,DEVIL,ดนตรีสากล,E-sport,หมอน้อย,IMSU,ไม่มีการเปลี่ยนแปลง,แชร์บอล,วิ่ง,MUAN,DEVIL,Swimming (ชมรมว่ายน้ำและโปโลน้ำ),ฟุตบอล,บาสเก็ตบอล,ART,ดนตรีสากล,E-sport,หมอน้อย,IMSU,Bridge,แบตมินตัน,cheerleader,พอช.
680710031,,1,CHORUS,ART,แชร์บอล,วิ่ง,แบตมินตัน,Research,coverdance,MCCC,ไม่มีการเปลี่ยนแปลง,CHORUS,ART,แชร์บอล,วิ่ง,วอลเลย์บอล,Swimming (ชมรมว่ายน้ำและโปโลน้ำ),DEVIL,ฟุตบอล,แบตมินตัน,Research,coverdance,MCCC,cheerleader,หมอน้อย,ปิงปอง,พอช.
680710041,,1,เทนนิส,ART,DEVIL,บาสเก็ตบอล,ดนตรีสากล,หมอน้อย,Research,E-sport,ไม่มีการเปลี่ยนแปลง,เทนนิส,ART,DEVIL,บาสเก็ตบอล,ดนตรีไทย,วิ่ง,แชร์บอล,Swimming (ชมรมว่ายน้ำและโปโลน้ำ),ดนตรีสากล,หมอน้อย,Research,E-sport,Bridge,พอช.,แบตมินตัน,MCCC
680710051,,1,บาสเก็ตบอล,CHORUS,วอลเลย์บอล,เปตอง,E-sport,cheerleader,ปิงปอง,พอช.,ไม่มีการเปลี่ยนแปลง,บาสเก็ตบอล,CHORUS,วอลเลย์บอล,เปตอง,DEVIL,ฟุตบอล,วิ่ง,เทนนิส,E-sport,cheerleader,ปิงปอง,พอช.,ดนตรีสากล,Research,CMSO,IMSU
680710061,,1,เทนนิส,ฟุตบอล,บาสเก็ตบอล,แชร์บอล,ปิงปอง,MCCC,หมอน้อย,แบตมินตัน,ไม่มีการเปลี่ยนแปลง,เทนนิส,ฟุตบอล,บาสเก็ตบอล,แชร์บอล,DEVIL,วอลเลย์บอล,วิ่ง,ดนตรีไทย,ปิงปอง,MCCC,หมอน้อย,แบตมินตัน,ดนตรีสากล,Libir,Bridge,IMSU
680710071,,1,วิ่ง,Swimming (ชมรมว่ายน้ำและโปโลน้ำ),CHORUS,แชร์บอล,ดนตรีสากล,MCCC,CMSO,Libir,ไม่มีการเปลี่ยนแปลง,วิ่ง,Swimming (ชมรมว่ายน้ำและโปโลน้ำ),CHORUS,แชร์บอล,เปตอง,บาสเก็ตบอล,ฟุตบอล,เทนนิส,ดนตรีสากล,MCCC,CMSO,Libir,IMSU,แบตมินตัน,Research,Bridge
680710081,,1,เปตอง,MUAN,เทนนิส,ดนตรีไทย,MCCC,E-sport,แบตมินตัน,Research,ไม่มีการเปลี่ยนแปลง,เปตอง,MUAN,เทนนิส,ดนตรีไทย,แชร์บอล,บาสเก็ตบอล,ART,ฟุตบอล,MCCC,E-sport,แบตมินตัน,Research,หมอน้อย,cheerleader,ปิงปอง,coverdance
680710091,,1,วอลเลย์บอล,DEVIL,วิ่ง,เทนนิส,E-sport,Research,ดนตรีสากล,CMSO,ไม่มีการเปลี่ยนแปลง,วอลเลย์บอล,DEVIL,วิ่ง,เทนนิส,ดนตรีไทย,เปตอง,Swimming (ชมรมว่ายน้ำและโปโลน้ำ),MUAN,E-sport,Research,ดนตรีสากล,CMSO,หมอน้อย,ปิงปอง,Bridge,Libir
680710101,,1,วอลเลย์บอล,บาสเก็ตบอล,DEVIL,CHORUS,MCCC,พอช.,หมอน้อย,ดนตรีสากล,ไม่มีการเปลี่ยนแปลง,วอลเลย์บอล,บาสเก็ตบอล,DEVIL,CHORUS,แชร์บอล,เปตอง,เทนนิส,ART,MCCC,พอช.,หมอน้อย,ดนตรีสากล,E-sport,coverdance,CMSO,Libir
680710111,,1,บาสเก็ตบอล,ART,แชร์บอล,ฟุตบอล,coverdance,MCCC,Libir,ดนตรีสากล,ไม่มีการเปลี่ยนแปลง,บาสเก็ตบอล,ART,แชร์บอล,ฟุตบอล,MUAN,เปตอง,Swimming (ชมรมว่ายน้ำและโปโลน้ำ),CHORUS,coverdance,MCCC,Libir,ดนตรีสากล,พอช.,E-sport,Research,ปิงปอง
680710121,,1,บาสเก็ตบอล,ดนตรีไทย,ฟุตบอล,Swimming (ชมรมว่ายน้ำและโปโลน้ำ),หมอน้อย,Research,cheerleader,แบตมินตัน,ไม่มีการเปลี่ยนแปลง,บาสเก็ตบอล,ดนตรีไทย,ฟุตบอล,Swimming (ชมรมว่ายน้ำและโปโลน้ำ),วอลเลย์บอล,ART,MUAN,วิ่ง,หมอน้อย,Research,cheerleader,แบตมินตัน,ดนตรีสากล,Bridge,ปิงปอง,Libir
680710131,,1,วิ่ง,วอลเลย์บอล,ART,ดนตรีไทย,ดนตรีสากล,Bridge,MCCC,cheerleader,ไม่มีการเปลี่ยนแปลง,วิ่ง,วอลเลย์บอล,ART,ดนตรีไทย,ฟุตบอล,MUAN,บาสเก็ตบอล,CHORUS,ดนตรีสากล,Bridge,MCCC,cheerleader,Research,หมอน้อย,CMSO,E-sport
680710141,,1,เปตอง,CHORUS,เทนนิส,ฟุตบอล,Bridge,Research,ปิงปอง,E-sport,ไม่มีการเปลี่ยนแปลง,เปตอง,CHORUS,เทนนิส,ฟุตบอล,บาสเก็ตบอล,แชร์บอล,ดนตรีไทย,MUAN,Bridge,Research,ปิงปอง,E-sport,แบตมินตัน,พอช.,IMSU,MCCC
680710151,,1,เปตอง,วิ่ง,ฟุตบอล,Swimming (ชมรมว่ายน้ำและโปโลน้ำ),ดนตรีสากล,หมอน้อย,cheerleader,IMSU,ไม่มีการเปลี่ยนแปลง,เปตอง,วิ่ง,ฟุตบอล,Swimming (ชมรมว่ายน้ำและโปโลน้ำ),ART,CHORUS,เทนนิส,DEVIL,ดนตรีสากล,หมอน้อย,cheerleader,IMSU,coverdance,Bridge,แบตมินตัน,Libir
680710161,,1,DEVIL,ART,วอลเลย์บอล,CHORUS,หมอน้อย,coverdance,IMSU,Research,บ่าย ช่วงที่ 2: E-sport → coverdance,DEVIL,ART,วอลเลย์บอล,CHORUS,Swimming (ชมรมว่ายน้ำและโปโลน้ำ),บาสเก็ตบอล,ฟุตบอล,ดนตรีไทย,หมอน้อย,E-sport,IMSU,Research,coverdance,cheerleader,แบตมินตัน,CMSO
680710171,,1,Swimming (ชมรมว่ายน้ำและโปโลน้ำ),CHORUS,วอลเลย์บอล,แชร์บอล,Libir,Research,แบตมินตัน,MCCC,ไม่มีการเปลี่ยนแปลง,Swimming (ชมรมว่ายน้ำและโปโลน้ำ),CHORUS,วอลเลย์บอล,แชร์บอล,DEVIL,ART,เทนนิส,ฟุตบอล,Libir,Research,แบตมินตัน,MCCC,ดนตรีสากล,หมอน้อย,ปิงปอง,cheerleader
680710181,,1,แชร์บอล,CHORUS,ฟุตบอล,วิ่ง,Research,พอช.,Libir,E-sport,ไม่มีการเปลี่ยนแปลง,แชร์บอล,CHORUS,ฟุตบอล,วิ่ง,DEVIL,MUAN,เปตอง,ART,Research,พอช.,Libir,E-sport,ปิงปอง,ดนตรีสากล,CMSO,แบตมินตัน
680710191,,1,แชร์บอล,เทนนิส,CHORUS,วิ่ง,แบตมินตัน,หมอน้อย,Libir,coverdance,บ่าย ช่วงที่ 4: IMSU → coverdance,แชร์บอล,เทนนิส,CHORUS,วิ่ง,วอลเลย์บอล,DEVIL,ART,ฟุตบอล,แบตมินตัน,หมอน้อย,Libir,IMSU,coverdance,Bridge,ปิงปอง,พอช.
680710201,,1,CHORUS,เปตอง,MUAN,ART,cheerleader,แบตมินตัน,หมอน้อย,MCCC,เช้า ช่วงที่ 2: Swimming (ชมรมว่ายน้ำและโปโลน้ำ) → เปตอง,CHORUS,Swimming (ชมรมว่ายน้ำและโปโลน้ำ),MUAN,ART,เปตอง,แชร์บอล,ฟุตบอล,DEVIL,cheerleader,แบตมินตัน,หมอน้อย,MCCC,Bridge,Libir,CMSO,Research
680710211,,1,แชร์บอล,CHORUS,วอลเลย์บอล,ART,Libir,Bridge,ดนตรีสากล,หมอน้อย,"เช้า ช่วงที่ 2: DEVIL → CHORUS, เช้า ช่วงที่ 3: เทนนิส → วอลเลย์บอล",แชร์บอล,DEVIL,เทนนิส,ART,CHORUS,วอลเลย์บอล,บาสเก็ตบอล,วิ่ง,Libir,Bridge,ดนตรีสากล,หมอน้อย,cheerleader,ปิงปอง,พอช.,Research
680710221,,1,Swimming (ชมรมว่ายน้ำและโปโลน้ำ),ดนตรีไทย,วิ่ง,เทนนิส,MCCC,CMSO,Bridge,E-sport,"เช้า ช่วงที่ 2: ART → ดนตรีไทย, เช้า ช่วงที่ 3: วอลเลย์บอล → วิ่ง, บ่าย ช่วงที่ 3: แบตมินตัน → Bridge",Swimming (ชมรมว่ายน้ำและโปโลน้ำ),ART,วอลเลย์บอล,เทนนิส,ฟุตบอล,ดนตรีไทย,DEVIL,วิ่ง,MCCC,CMSO,แบตมินตัน,E-sport,Bridge,coverdance,Libir,พอช.
680710231,,1,DEVIL,วิ่ง,CHORUS,เปตอง,ดนตรีสากล,IMSU,CMSO,cheerleader,"เช้า ช่วงที่ 1: เทนนิส → DEVIL, เช้า ช่วงที่ 3: บาสเก็ตบอล → CHORUS, บ่าย ช่วงที่ 1: ปิงปอง → ดนตรีสากล",เทนนิส,วิ่ง,บาสเก็ตบอล,เปตอง,ฟุตบอล,DEVIL,Swimming (ชมรมว่ายน้ำและโปโลน้ำ),CHORUS,ปิงปอง,IMSU,CMSO,cheerleader,ดนตรีสากล,Bridge,Libir,Research
680710241,,1,ART,เทนนิส,ดนตรีไทย,เปตอง,แบตมินตัน,CMSO,cheerleader,E-sport,"เช้า ช่วงที่ 2: Swimming (ชมรมว่ายน้ำและโปโลน้ำ) → เทนนิส, เช้า ช่วงที่ 4: วิ่ง → เปตอง, บ่าย ช่วงที่ 1: Research → แบตมินตัน",ART,Swimming (ชมรมว่ายน้ำและโปโลน้ำ),ดนตรีไทย,วิ่ง,เทนนิส,เปตอง,บาสเก็ตบอล,MUAN,Research,CMSO,cheerleader,E-sport,แบตมินตัน,ดนตรีสากล,Libir,ปิงปอง
--- จบกลุ่ม 1 ---,,,,,,,,,,,,,,,,,,,,,,,,,,,
680710002,,2,วิ่ง,บาสเก็ตบอล,แชร์บอล,เทนนิส,ปิงปอง,Research,พอช.,CMSO,ไม่มีการเปลี่ยนแปลง,วิ่ง,บาสเก็ตบอล,แชร์บอล,เทนนิส,วอลเลย์บอล,ดนตรีไทย,DEVIL,MUAN,ปิงปอง,Research,พอช.,CMSO,Bridge,ดนตรีสากล,MCCC,E-sport
680710012,,2,Swimming (ชมรมว่ายน้ำและโปโลน้ำ),วิ่ง,วอลเลย์บอล,เทนนิส,coverdance,Libir,พอช.,ดนตรีสากล,ไม่มีการเปลี่ยนแปลง,Swimming (ชมรมว่ายน้ำและโปโลน้ำ),วิ่ง,วอลเลย์บอล,เทนนิส,MUAN,บาสเก็ตบอล,ART,CHORUS,coverdance,Libir,พอช.,ดนตรีสากล,IMSU,cheerleader,ปิงปอง,หมอน้อย
680710022,,2,ฟุตบอล,วิ่ง,Swimming (ชมรมว่ายน้ำและโปโลน้ำ),ดนตรีไทย,MCCC,cheerleader,E-sport,แบตมินตัน,ไม่มีการเปลี่ยนแปลง,ฟุตบอล,วิ่ง,Swimming (ชมรมว่ายน้ำและโปโลน้ำ),ดนตรีไทย,บาสเก็ตบอล,วอลเลย์บอล,แชร์บอล,DEVIL,MCCC,cheerleader,E-sport,แบตมินตัน,พอช.,Libir,Bridge,Research
680710032,,2,แชร์บอล,MUAN,เปตอง,เทนนิส,Research,หมอน้อย,Libir,พอช.,ไม่มีการเปลี่ยนแปลง,แชร์บอล,MUAN,เปตอง,เทนนิส,CHORUS,ART,ฟุตบอล,วอลเลย์บอล,Research,หมอน้อย,Libir,พอช.,ดนตรีสากล,แบตมินตัน,coverdance,IMSU
680710042,,2,แชร์บอล,Swimming (ชมรมว่ายน้ำและโปโลน้ำ),CHORUS,DEVIL,MCCC,พอช.,IMSU,CMSO,ไม่มีการเปลี่ยนแปลง,แชร์บอล,Swimming (ชมรมว่ายน้ำและโปโลน้ำ),CHORUS,DEVIL,ฟุตบอล,ART,วิ่ง,วอลเลย์บอล,MCCC,พอช.,IMSU,CMSO,ดนตรีสากล,หมอน้อย,Bridge,coverdance
680710052,,2,วอลเลย์บอล,MUAN,DEVIL,CHORUS,ปิงปอง,CMSO,Bridge,MCCC,ไม่มีการเปลี่ยนแปลง,วอลเลย์บอล,MUAN,DEVIL,CHORUS,Swimming (ชมรมว่ายน้ำและโปโลน้ำ),แชร์บอล,ฟุตบอล,เปตอง,ปิงปอง,CMSO,Bridge,MCCC,IMSU,E-sport,coverdance,Research
680710062,,2,ฟุตบอล,MUAN,บาสเก็ตบอล,DEVIL,ปิงปอง,Bridge,CMSO,หมอน้อย,ไม่มีการเปลี่ยนแปลง,ฟุตบอล,MUAN,บาสเก็ตบอล,DEVIL,วิ่ง,ดนตรีไทย,แชร์บอล,Swimming (ชมรมว่ายน้ำและโปโลน้ำ),ปิงปอง,Bridge,CMSO,หมอน้อย,E-sport,Research,แบตมินตัน,cheerleader
680710072,,2,วิ่ง,CHORUS,เทนนิส,ฟุตบอล,ดนตรีสากล,coverdance,พอช.,cheerleader,ไม่มีการเปลี่ยนแปลง,วิ่ง,CHORUS,เทนนิส,ฟุตบอล,แชร์บอล,Swimming (ชมรมว่ายน้ำและโปโลน้ำ),ดนตรีไทย,ART,ดนตรีสากล,coverdance,พอช.,cheerleader,E-sport,CMSO,Bridge,ปิงปอง
680710082,,2,ฟุตบอล,DEVIL,วอลเลย์บอล,ART,ปิงปอง,E-sport,ดนตรีสากล,พอช.,ไม่มีการเปลี่ยนแปลง,ฟุตบอล,DEVIL,วอลเลย์บอล,ART,วิ่ง,CHORUS,Swimming (ชมรมว่ายน้ำและโปโลน้ำ),แชร์บอล,ปิงปอง,E-sport,ดนตรีสากล,พอช.,CMSO,หมอน้อย,Libir,IMSU
680710092,,2,ฟุตบอล,เปตอง,แชร์บอล,วอลเลย์บอล,cheerleader,Libir,CMSO,พอช.,ไม่มีการเปลี่ยนแปลง,ฟุตบอล,เปตอง,แชร์บอล,วอลเลย์บอล,Swimming (ชมรมว่ายน้ำและโปโลน้ำ),บาสเก็ตบอล,DEVIL,MUAN,cheerleader,Libir,CMSO,พอช.,แบตมินตัน,E-sport,ปิงปอง,coverdance
680710102,,2,บาสเก็ตบอล,เปตอง,DEVIL,แชร์บอล,แบตมินตัน,ดนตรีสากล,CMSO,IMSU,ไม่มีการเปลี่ยนแปลง,บาสเก็ตบอล,เปตอง,DEVIL,แชร์บอล,วอลเลย์บอล,ฟุตบอล,Swimming (ชมรมว่ายน้ำและโปโลน้ำ),ART,แบตมินตัน,ดนตรีสากล,CMSO,IMSU,Research,ปิงปอง,พอช.,Bridge
680710112,,2,ดนตรีไทย,วอลเลย์บอล,Swimming (ชมรมว่ายน้ำและโปโลน้ำ),ART,MCCC,หมอน้อย,IMSU,แบตมินตัน,ไม่มีการเปลี่ยนแปลง,ดนตรีไทย,วอลเลย์บอล,Swimming (ชมรมว่ายน้ำและโปโลน้ำ),ART,แชร์บอล,CHORUS,ฟุตบอล,วิ่ง,MCCC,หมอน้อย,IMSU,แบตมินตัน,Research,coverdance,ดนตรีสากล,ปิงปอง
680710122,,2,วอลเลย์บอล,ฟุตบอล,บาสเก็ตบอล,เทนนิส,coverdance,พอช.,cheerleader,IMSU,ไม่มีการเปลี่ยนแปลง,วอลเลย์บอล,ฟุตบอล,บาสเก็ตบอล,เทนนิส,แชร์บอล,MUAN,CHORUS,ดนตรีไทย,coverdance,พอช.,cheerleader,IMSU,Bridge,Research,E-sport,หมอน้อย
680710132,,2,แชร์บอล,ฟุตบอล,วอลเลย์บอล,Swimming (ชมรมว่ายน้ำและโปโลน้ำ),หมอน้อย,MCCC,CMSO,พอช.,ไม่มีการเปลี่ยนแปลง,แชร์บอล,ฟุตบอล,วอลเลย์บอล,Swimming (ชมรมว่ายน้ำและโปโลน้ำ),บาสเก็ตบอล,วิ่ง,DEVIL,CHORUS,หมอน้อย,MCCC,CMSO,พอช.,coverdance,Research,IMSU,ดนตรีสากล
680710142,,2,บาสเก็ตบอล,ART,เปตอง,วิ่ง,IMSU,E-sport,Bridge,Libir,ไม่มีการเปลี่ยนแปลง,บาสเก็ตบอล,ART,เปตอง,วิ่ง,แชร์บอล,DEVIL,Swimming (ชมรมว่ายน้ำและโปโลน้ำ),MUAN,IMSU,E-sport,Bridge,Libir,Research,MCCC,หมอน้อย,coverdance
680710152,,2,เทนนิส,DEVIL,วอลเลย์บอล,บาสเก็ตบอล,Libir,MCCC,แบตมินตัน,ดนตรีสากล,บ่าย ช่วงที่ 2: E-sport → MCCC,เทนนิส,DEVIL,วอลเลย์บอล,บาสเก็ตบอล,วิ่ง,ART,Swimming (ชมรมว่ายน้ำและโปโลน้ำ),ฟุตบอล,Libir,E-sport,แบตมินตัน,ดนตรีสากล,MCCC,IMSU,Bridge,พอช.
680710162,,2,วิ่ง,ดนตรีไทย,เทนนิส,เปตอง,E-sport,Research,แบตมินตัน,Bridge,เช้า ช่วงที่ 2: วอลเลย์บอล → ดนตรีไทย,วิ่ง,วอลเลย์บอล,เทนนิส,เปตอง,บาสเก็ตบอล,ART,ดนตรีไทย,ฟุตบอล,E-sport,Research,แบตมินตัน,Bridge,หมอน้อย,ดนตรีสากล,Libir,coverdance
680710172,,2,Swimming (ชมรมว่ายน้ำและโปโลน้ำ),เปตอง,ดนตรีไทย,DEVIL,Libir,coverdance,Research,ปิงปอง,"เช้า ช่วงที่ 2: วอลเลย์บอล → เปตอง, บ่าย ช่วงที่ 2: E-sport → coverdance",Swimming (ชมรมว่ายน้ำและโปโลน้ำ),วอลเลย์บอล,ดนตรีไทย,DEVIL,CHORUS,เทนนิส,เปตอง,วิ่ง,Libir,E-sport,Research,ปิงปอง,coverdance,MCCC,ดนตรีสากล,หมอน้อย
680710182,,2,วอลเลย์บอล,Swimming (ชมรมว่ายน้ำและโปโลน้ำ),MUAN,DEVIL,MCCC,CMSO,Research,Bridge,ไม่มีการเปลี่ยนแปลง,วอลเลย์บอล,Swimming (ชมรมว่ายน้ำและโปโลน้ำ),MUAN,DEVIL,ฟุตบอล,เทนนิส,ดนตรีไทย,CHORUS,MCCC,CMSO,Research,Bridge,cheerleader,ปิงปอง,IMSU,E-sport
680710192,,2,บาสเก็ตบอล,วิ่ง,เทนนิส,DEVIL,E-sport,coverdance,Bridge,ดนตรีสากล,บ่าย ช่วงที่ 1: ปิงปอง → E-sport,บาสเก็ตบอล,วิ่ง,เทนนิส,DEVIL,ดนตรีไทย,CHORUS,ฟุตบอล,วอลเลย์บอล,ปิงปอง,coverdance,Bridge,ดนตรีสากล,E-sport,Libir,แบตมินตัน,หมอน้อย
680710202,,2,DEVIL,MUAN,วิ่ง,ฟุตบอล,หมอน้อย,พอช.,cheerleader,แบตมินตัน,"บ่าย ช่วงที่ 3: Research → cheerleader, บ่าย ช่วงที่ 4: IMSU → แบตมินตัน",DEVIL,MUAN,วิ่ง,ฟุตบอล,เทนนิส,แชร์บอล,Swimming (ชมรมว่ายน้ำและโปโลน้ำ),บาสเก็ตบอล,หมอน้อย,พอช.,Research,IMSU,แบตมินตัน,ปิงปอง,ดนตรีสากล,cheerleader
680710212,,2,บาสเก็ตบอล,MUAN,ดนตรีไทย,Swimming (ชมรมว่ายน้ำและโปโลน้ำ),E-sport,MCCC,Bridge,พอช.,"เช้า ช่วงที่ 4: แชร์บอล → Swimming (ชมรมว่ายน้ำและโปโลน้ำ), บ่าย ช่วงที่ 4: ดนตรีสากล → พอช.",บาสเก็ตบอล,MUAN,ดนตรีไทย,แชร์บอล,DEVIL,Swimming (ชมรมว่ายน้ำและโปโลน้ำ),เปตอง,วิ่ง,E-sport,MCCC,Bridge,ดนตรีสากล,พอช.,Research,IMSU,cheerleader
680710222,,2,ดนตรีไทย,ฟุตบอล,ART,เทนนิส,cheerleader,coverdance,ดนตรีสากล,E-sport,ไม่มีการเปลี่ยนแปลง,ดนตรีไทย,ฟุตบอล,ART,เทนนิส,เปตอง,Swimming (ชมรมว่ายน้ำและโปโลน้ำ),CHORUS,DEVIL,cheerleader,coverdance,ดนตรีสากล,E-sport,IMSU,แบตมินตัน,Libir,CMSO
680710232,,2,ดนตรีไทย,เปตอง,วิ่ง,ART,coverdance,MCCC,ปิงปอง,Libir,"เช้า ช่วงที่ 1: ฟุตบอล → ดนตรีไทย, เช้า ช่วงที่ 3: บาสเก็ตบอล → วิ่ง, เช้า ช่วงที่ 4: เทนนิส → ART, บ่าย ช่วงที่ 3: แบตมินตัน → ปิงปอง, บ่าย ช่วงที่ 4: หมอน้อย → Libir",ฟุตบอล,เปตอง,บาสเก็ตบอล,เทนนิส,ดนตรีไทย,วิ่ง,แชร์บอล,DEVIL,coverdance,MCCC,แบตมินตัน,หมอน้อย,ปิงปอง,Libir,พอช.,CMSO
680710242,,2,ดนตรีไทย,เปตอง,MUAN,CHORUS,MCCC,ดนตรีสากล,พอช.,ปิงปอง,"เช้า ช่วงที่ 2: วิ่ง → เปตอง, บ่าย ช่วงที่ 2: cheerleader → ดนตรีสากล",ดนตรีไทย,วิ่ง,MUAN,CHORUS,เปตอง,วอลเลย์บอล,ฟุตบอล,ART,MCCC,cheerleader,พอช.,ปิงปอง,ดนตรีสากล,E-sport,Bridge,หมอน้อย
--- จบกลุ่ม 2 ---,,,,,,,,,,,,,,,,,,,,,,,,,,,
680710003,,3,DEVIL,บาสเก็ตบอล,เทนนิส,ฟุตบอล,Libir,E-sport,Research,พอช.,ไม่มีการเปลี่ยนแปลง,DEVIL,บาสเก็ตบอล,เทนนิส,ฟุตบอล,Swimming (ชมรมว่ายน้ำและโปโลน้ำ),ดนตรีไทย,ART,วอลเลย์บอล,Libir,E-sport,Research,พอช.,ปิงปอง,แบตมินตัน,หมอน้อย,Bridge
680710013,,3,ฟุตบอล,Swimming (ชมรมว่ายน้ำและโปโลน้ำ),เปตอง,ART,cheerleader,แบตมินตัน,CMSO,ดนตรีสากล,ไม่มีการเปลี่ยนแปลง,ฟุตบอล,Swimming (ชมรมว่ายน้ำและโปโลน้ำ),เปตอง,ART,บาสเก็ตบอล,CHORUS,วอลเลย์บอล,ดนตรีไทย,cheerleader,แบตมินตัน,CMSO,ดนตรีสากล,หมอน้อย,E-sport,ปิงปอง,coverdance
680710023,,3,วิ่ง,ART,DEVIL,ดนตรีไทย,หมอน้อย,Research,Bridge,แบตมินตัน,ไม่มีการเปลี่ยนแปลง,วิ่ง,ART,DEVIL,ดนตรีไทย,เปตอง,ฟุตบอล,วอลเลย์บอล,บาสเก็ตบอล,หมอน้อย,Research,Bridge,แบตมินตัน,ปิงปอง,พอช.,coverdance,Libir
680710033,,3,บาสเก็ตบอล,DEVIL,ฟุตบอล,ART,cheerleader,พอช.,coverdance,E-sport,ไม่มีการเปลี่ยนแปลง,บาสเก็ตบอล,DEVIL,ฟุตบอล,ART,Swimming (ชมรมว่ายน้ำและโปโลน้ำ),CHORUS,วอลเลย์บอล,MUAN,cheerleader,พอช.,coverdance,E-sport,ปิงปอง,หมอน้อย,Bridge,แบตมินตัน
680710043,,3,ART,วอลเลย์บอล,CHORUS,เปตอง,Bridge,cheerleader,E-sport,MCCC,ไม่มีการเปลี่ยนแปลง,ART,วอลเลย์บอล,CHORUS,เปตอง,ดนตรีไทย,MUAN,DEVIL,แชร์บอล,Bridge,cheerleader,E-sport,MCCC,IMSU,ดนตรีสากล,Research,แบตมินตัน
680710053,,3,MUAN,แชร์บอล,CHORUS,วอลเลย์บอล,ปิงปอง,E-sport,CMSO,หมอน้อย,ไม่มีการเปลี่ยนแปลง,MUAN,แชร์บอล,CHORUS,วอลเลย์บอล,เทนนิส,ฟุตบอล,บาสเก็ตบอล,เปตอง,ปิงปอง,E-sport,CMSO,หมอน้อย,Research,IMSU,cheerleader,coverdance
680710063,,3,วอลเลย์บอล,วิ่ง,บาสเก็ตบอล,Swimming (ชมรมว่ายน้ำและโปโลน้ำ),พอช.,MCCC,cheerleader,coverdance,ไม่มีการเปลี่ยนแปลง,วอลเลย์บอล,วิ่ง,บาสเก็ตบอล,Swimming (ชมรมว่ายน้ำและโปโลน้ำ),DEVIL,ฟุตบอล,ดนตรีไทย,CHORUS,พอช.,MCCC,cheerleader,coverdance,Research,ดนตรีสากล,IMSU,Bridge
680710073,,3,ดนตรีไทย,เทนนิส,แชร์บอล,Swimming (ชมรมว่ายน้ำและโปโลน้ำ),แบตมินตัน,Research,coverdance,IMSU,ไม่มีการเปลี่ยนแปลง,ดนตรีไทย,เทนนิส,แชร์บอล,Swimming (ชมรมว่ายน้ำและโปโลน้ำ),วอลเลย์บอล,บาสเก็ตบอล,DEVIL,วิ่ง,แบตมินตัน,Research,coverdance,IMSU,Bridge,หมอน้อย,CMSO,ปิงปอง
680710083,,3,ดนตรีไทย,ฟุตบอล,เทนนิส,CHORUS,cheerleader,แบตมินตัน,E-sport,IMSU,ไม่มีการเปลี่ยนแปลง,ดนตรีไทย,ฟุตบอล,เทนนิส,CHORUS,เปตอง,วอลเลย์บอล,Swimming (ชมรมว่ายน้ำและโปโลน้ำ),MUAN,cheerleader,แบตมินตัน,E-sport,IMSU,พอช.,coverdance,ปิงปอง,Libir
680710093,,3,วอลเลย์บอล,ART,บาสเก็ตบอล,CHORUS,ดนตรีสากล,Research,IMSU,E-sport,ไม่มีการเปลี่ยนแปลง,วอลเลย์บอล,ART,บาสเก็ตบอล,CHORUS,ดนตรีไทย,แชร์บอล,MUAN,เทนนิส,ดนตรีสากล,Research,IMSU,E-sport,แบตมินตัน,Libir,coverdance,Bridge
680710103,,3,วิ่ง,เทนนิส,วอลเลย์บอล,MUAN,หมอน้อย,ปิงปอง,ดนตรีสากล,IMSU,ไม่มีการเปลี่ยนแปลง,วิ่ง,เทนนิส,วอลเลย์บอล,MUAN,ฟุตบอล,แชร์บอล,DEVIL,Swimming (ชมรมว่ายน้ำและโปโลน้ำ),หมอน้อย,ปิงปอง,ดนตรีสากล,IMSU,Libir,cheerleader,coverdance,Research
680710113,,3,วอลเลย์บอล,MUAN,แชร์บอล,เปตอง,Libir,หมอน้อย,MCCC,Research,ไม่มีการเปลี่ยนแปลง,วอลเลย์บอล,MUAN,แชร์บอล,เปตอง,เทนนิส,CHORUS,ART,DEVIL,Libir,หมอน้อย,MCCC,Research,ปิงปอง,แบตมินตัน,Bridge,ดนตรีสากล
680710123,,3,ART,เปตอง,บาสเก็ตบอล,ดนตรีไทย,CMSO,แบตมินตัน,Libir,cheerleader,เช้า ช่วงที่ 2: วอลเลย์บอล → เปตอง,ART,วอลเลย์บอล,บาสเก็ตบอล,ดนตรีไทย,ฟุตบอล,เปตอง,แชร์บอล,วิ่ง,CMSO,แบตมินตัน,Libir,cheerleader,Bridge,coverdance,E-sport,Research
680710133,,3,วอลเลย์บอล,เทนนิส,เปตอง,Swimming (ชมรมว่ายน้ำและโปโลน้ำ),E-sport,MCCC,IMSU,พอช.,ไม่มีการเปลี่ยนแปลง,วอลเลย์บอล,เทนนิส,เปตอง,Swimming (ชมรมว่ายน้ำและโปโลน้ำ),ฟุตบอล,ART,แชร์บอล,ดนตรีไทย,E-sport,MCCC,IMSU,พอช.,แบตมินตัน,CMSO,Research,Bridge
680710143,,3,Swimming (ชมรมว่ายน้ำและโปโลน้ำ),ART,บาสเก็ตบอล,เทนนิส,หมอน้อย,E-sport,ปิงปอง,แบตมินตัน,ไม่มีการเปลี่ยนแปลง,Swimming (ชมรมว่ายน้ำและโปโลน้ำ),ART,บาสเก็ตบอล,เทนนิส,DEVIL,แชร์บอล,วอลเลย์บอล,ฟุตบอล,หมอน้อย,E-sport,ปิงปอง,แบตมินตัน,Bridge,coverdance,Libir,cheerleader
680710153,,3,ART,เปตอง,เทนนิส,บาสเก็ตบอล,cheerleader,แบตมินตัน,E-sport,พอช.,ไม่มีการเปลี่ยนแปลง,ART,เปตอง,เทนนิส,บาสเก็ตบอล,DEVIL,ดนตรีไทย,Swimming (ชมรมว่ายน้ำและโปโลน้ำ),CHORUS,cheerleader,แบตมินตัน,E-sport,พอช.,Libir,coverdance,MCCC,ดนตรีสากล
680710163,,3,แชร์บอล,ดนตรีไทย,Swimming (ชมรมว่ายน้ำและโปโลน้ำ),วิ่ง,Research,ดนตรีสากล,Bridge,IMSU,ไม่มีการเปลี่ยนแปลง,แชร์บอล,ดนตรีไทย,Swimming (ชมรมว่ายน้ำและโปโลน้ำ),วิ่ง,MUAN,ฟุตบอล,บาสเก็ตบอล,DEVIL,Research,ดนตรีสากล,Bridge,IMSU,E-sport,cheerleader,Libir,แบตมินตัน
680710173,,3,MUAN,ดนตรีไทย,เทนนิส,บาสเก็ตบอล,IMSU,CMSO,หมอน้อย,ดนตรีสากล,เช้า ช่วงที่ 2: วอลเลย์บอล → ดนตรีไทย,MUAN,วอลเลย์บอล,เทนนิส,บาสเก็ตบอล,Swimming (ชมรมว่ายน้ำและโปโลน้ำ),ดนตรีไทย,DEVIL,ART,IMSU,CMSO,หมอน้อย,ดนตรีสากล,MCCC,ปิงปอง,E-sport,แบตมินตัน
680710183,,3,MUAN,ฟุตบอล,DEVIL,ดนตรีไทย,พอช.,ปิงปอง,Research,CMSO,เช้า ช่วงที่ 2: ART → ฟุตบอล,MUAN,ART,DEVIL,ดนตรีไทย,ฟุตบอล,แชร์บอล,เทนนิส,เปตอง,พอช.,ปิงปอง,Research,CMSO,MCCC,หมอน้อย,cheerleader,E-sport
680710193,,3,ART,Swimming (ชมรมว่ายน้ำและโปโลน้ำ),ดนตรีไทย,เปตอง,E-sport,MCCC,Libir,ดนตรีสากล,บ่าย ช่วงที่ 3: Research → Libir,ART,Swimming (ชมรมว่ายน้ำและโปโลน้ำ),ดนตรีไทย,เปตอง,CHORUS,ฟุตบอล,MUAN,วิ่ง,E-sport,MCCC,Research,ดนตรีสากล,แบตมินตัน,Libir,ปิงปอง,Bridge
680710203,,3,เทนนิส,บาสเก็ตบอล,ART,วอลเลย์บอล,Bridge,Libir,MCCC,พอช.,"เช้า ช่วงที่ 2: Swimming (ชมรมว่ายน้ำและโปโลน้ำ) → บาสเก็ตบอล, บ่าย ช่วงที่ 1: ดนตรีสากล → Bridge",เทนนิส,Swimming (ชมรมว่ายน้ำและโปโลน้ำ),ART,วอลเลย์บอล,บาสเก็ตบอล,CHORUS,ดนตรีไทย,แชร์บอล,ดนตรีสากล,Libir,MCCC,พอช.,Bridge,CMSO,cheerleader,coverdance
680710213,,3,วิ่ง,เปตอง,MUAN,ดนตรีไทย,IMSU,coverdance,Libir,Bridge,เช้า ช่วงที่ 2: Swimming (ชมรมว่ายน้ำและโปโลน้ำ) → เปตอง,วิ่ง,Swimming (ชมรมว่ายน้ำและโปโลน้ำ),MUAN,ดนตรีไทย,CHORUS,เปตอง,ฟุตบอล,บาสเก็ตบอล,IMSU,coverdance,Libir,Bridge,ปิงปอง,E-sport,แบตมินตัน,หมอน้อย
680710223,,3,Swimming (ชมรมว่ายน้ำและโปโลน้ำ),แชร์บอล,ดนตรีไทย,MUAN,แบตมินตัน,ปิงปอง,MCCC,cheerleader,"เช้า ช่วงที่ 3: DEVIL → ดนตรีไทย, บ่าย ช่วงที่ 1: Bridge → แบตมินตัน, บ่าย ช่วงที่ 3: E-sport → MCCC",Swimming (ชมรมว่ายน้ำและโปโลน้ำ),แชร์บอล,DEVIL,MUAN,ดนตรีไทย,CHORUS,วอลเลย์บอล,บาสเก็ตบอล,Bridge,ปิงปอง,E-sport,cheerleader,แบตมินตัน,MCCC,พอช.,หมอน้อย
680710233,,3,DEVIL,MUAN,ดนตรีไทย,CHORUS,coverdance,ดนตรีสากล,Libir,Bridge,"เช้า ช่วงที่ 1: วอลเลย์บอล → DEVIL, เช้า ช่วงที่ 2: Swimming (ชมรมว่ายน้ำและโปโลน้ำ) → MUAN, เช้า ช่วงที่ 4: DEVIL → CHORUS, บ่าย ช่วงที่ 4: MCCC → Bridge",วอลเลย์บอล,Swimming (ชมรมว่ายน้ำและโปโลน้ำ),ดนตรีไทย,DEVIL,MUAN,CHORUS,เทนนิส,ฟุตบอล,coverdance,ดนตรีสากล,Libir,MCCC,Bridge,แบตมินตัน,Research,cheerleader
680710243,,3,บาสเก็ตบอล,ART,CHORUS,เปตอง,พอช.,หมอน้อย,IMSU,E-sport,"เช้า ช่วงที่ 2: วิ่ง → ART, เช้า ช่วงที่ 3: ฟุตบอล → CHORUS, บ่าย ช่วงที่ 3: cheerleader → IMSU",บาสเก็ตบอล,วิ่ง,ฟุตบอล,เปตอง,ART,CHORUS,MUAN,DEVIL,พอช.,หมอน้อย,cheerleader,E-sport,Bridge,แบตมินตัน,Research,IMSU
--- จบกลุ่ม 3 ---,,,,,,,,,,,,,,,,,,,,,,,,,,,
680710004,,4,วิ่ง,ฟุตบอล,MUAN,Swimming (ชมรมว่ายน้ำและโปโลน้ำ),ปิงปอง,Research,หมอน้อย,IMSU,ไม่มีการเปลี่ยนแปลง,วิ่ง,ฟุตบอล,MUAN,Swimming (ชมรมว่ายน้ำและโปโลน้ำ),DEVIL,ดนตรีไทย,แชร์บอล,ART,ปิงปอง,Research,หมอน้อย,IMSU,แบตมินตัน,E-sport,coverdance,พอช.
680710014,,4,แชร์บอล,ART,Swimming (ชมรมว่ายน้ำและโปโลน้ำ),MUAN,Bridge,หมอน้อย,Libir,E-sport,ไม่มีการเปลี่ยนแปลง,แชร์บอล,ART,Swimming (ชมรมว่ายน้ำและโปโลน้ำ),MUAN,วอลเลย์บอล,เทนนิส,วิ่ง,CHORUS,Bridge,หมอน้อย,Libir,E-sport,แบตมินตัน,ดนตรีสากล,MCCC,Research
680710024,,4,ฟุตบอล,ดนตรีไทย,DEVIL,ART,Research,Bridge,หมอน้อย,แบตมินตัน,ไม่มีการเปลี่ยนแปลง,ฟุตบอล,ดนตรีไทย,DEVIL,ART,วอลเลย์บอล,CHORUS,Swimming (ชมรมว่ายน้ำและโปโลน้ำ),แชร์บอล,Research,Bridge,หมอน้อย,แบตมินตัน,ปิงปอง,พอช.,E-sport,MCCC
680710034,,4,Swimming (ชมรมว่ายน้ำและโปโลน้ำ),วอลเลย์บอล,ART,วิ่ง,Libir,CMSO,E-sport,cheerleader,ไม่มีการเปลี่ยนแปลง,Swimming (ชมรมว่ายน้ำและโปโลน้ำ),วอลเลย์บอล,ART,วิ่ง,เทนนิส,MUAN,CHORUS,DEVIL,Libir,CMSO,E-sport,cheerleader,coverdance,หมอน้อย,MCCC,ปิงปอง
680710044,,4,เทนนิส,DEVIL,แชร์บอล,เปตอง,MCCC,cheerleader,พอช.,Libir,ไม่มีการเปลี่ยนแปลง,เทนนิส,DEVIL,แชร์บอล,เปตอง,วอลเลย์บอล,ฟุตบอล,ดนตรีไทย,Swimming (ชมรมว่ายน้ำและโปโลน้ำ),MCCC,cheerleader,พอช.,Libir,Bridge,แบตมินตัน,IMSU,Research
680710054,,4,วิ่ง,CHORUS,DEVIL,ฟุตบอล,พอช.,cheerleader,หมอน้อย,CMSO,ไม่มีการเปลี่ยนแปลง,วิ่ง,CHORUS,DEVIL,ฟุตบอล,บาสเก็ตบอล,MUAN,Swimming (ชมรมว่ายน้ำและโปโลน้ำ),ดนตรีไทย,พอช.,cheerleader,หมอน้อย,CMSO,Bridge,แบตมินตัน,MCCC,E-sport
680710064,,4,แชร์บอล,บาสเก็ตบอล,วอลเลย์บอล,CHORUS,แบตมินตัน,Research,MCCC,cheerleader,ไม่มีการเปลี่ยนแปลง,แชร์บอล,บาสเก็ตบอล,วอลเลย์บอล,CHORUS,Swimming (ชมรมว่ายน้ำและโปโลน้ำ),ฟุตบอล,DEVIL,ดนตรีไทย,แบตมินตัน,Research,MCCC,cheerleader,ดนตรีสากล,Libir,ปิงปอง,IMSU
680710074,,4,Swimming (ชมรมว่ายน้ำและโปโลน้ำ),เทนนิส,ฟุตบอล,DEVIL,IMSU,แบตมินตัน,Research,E-sport,ไม่มีการเปลี่ยนแปลง,Swimming (ชมรมว่ายน้ำและโปโลน้ำ),เทนนิส,ฟุตบอล,DEVIL,วอลเลย์บอล,บาสเก็ตบอล,วิ่ง,MUAN,IMSU,แบตมินตัน,Research,E-sport,พอช.,หมอน้อย,Bridge,ดนตรีสากล
680710084,,4,บาสเก็ตบอล,Swimming (ชมรมว่ายน้ำและโปโลน้ำ),ฟุตบอล,ดนตรีไทย,IMSU,ดนตรีสากล,CMSO,หมอน้อย,ไม่มีการเปลี่ยนแปลง,บาสเก็ตบอล,Swimming (ชมรมว่ายน้ำและโปโลน้ำ),ฟุตบอล,ดนตรีไทย,DEVIL,MUAN,วิ่ง,เทนนิส,IMSU,ดนตรีสากล,CMSO,หมอน้อย,Bridge,coverdance,พอช.,Research
680710094,,4,MUAN,วอลเลย์บอล,CHORUS,ฟุตบอล,Bridge,ดนตรีสากล,Research,IMSU,ไม่มีการเปลี่ยนแปลง,MUAN,วอลเลย์บอล,CHORUS,ฟุตบอล,ART,ดนตรีไทย,แชร์บอล,Swimming (ชมรมว่ายน้ำและโปโลน้ำ),Bridge,ดนตรีสากล,Research,IMSU,แบตมินตัน,ปิงปอง,Libir,พอช.
680710104,,4,แชร์บอล,เปตอง,ฟุตบอล,เทนนิส,CMSO,cheerleader,หมอน้อย,แบตมินตัน,ไม่มีการเปลี่ยนแปลง,แชร์บอล,เปตอง,ฟุตบอล,เทนนิส,วิ่ง,CHORUS,MUAN,DEVIL,CMSO,cheerleader,หมอน้อย,แบตมินตัน,coverdance,Research,Libir,ปิงปอง
680710114,,4,เทนนิส,วอลเลย์บอล,CHORUS,ฟุตบอล,Research,ปิงปอง,coverdance,พอช.,ไม่มีการเปลี่ยนแปลง,เทนนิส,วอลเลย์บอล,CHORUS,ฟุตบอล,DEVIL,Swimming (ชมรมว่ายน้ำและโปโลน้ำ),ART,วิ่ง,Research,ปิงปอง,coverdance,พอช.,หมอน้อย,แบตมินตัน,ดนตรีสากล,cheerleader
680710124,,4,CHORUS,DEVIL,Swimming (ชมรมว่ายน้ำและโปโลน้ำ),บาสเก็ตบอล,MCCC,E-sport,Research,ดนตรีสากล,ไม่มีการเปลี่ยนแปลง,CHORUS,DEVIL,Swimming (ชมรมว่ายน้ำและโปโลน้ำ),บาสเก็ตบอล,เทนนิส,ART,แชร์บอล,วอลเลย์บอล,MCCC,E-sport,Research,ดนตรีสากล,Bridge,ปิงปอง,แบตมินตัน,หมอน้อย
680710134,,4,ART,DEVIL,วิ่ง,วอลเลย์บอล,E-sport,ปิงปอง,cheerleader,ดนตรีสากล,ไม่มีการเปลี่ยนแปลง,ART,DEVIL,วิ่ง,วอลเลย์บอล,บาสเก็ตบอล,Swimming (ชมรมว่ายน้ำและโปโลน้ำ),แชร์บอล,ดนตรีไทย,E-sport,ปิงปอง,cheerleader,ดนตรีสากล,พอช.,MCCC,CMSO,Research
680710144,,4,MUAN,เทนนิส,CHORUS,DEVIL,coverdance,Bridge,E-sport,ดนตรีสากล,ไม่มีการเปลี่ยนแปลง,MUAN,เทนนิส,CHORUS,DEVIL,แชร์บอล,วอลเลย์บอล,บาสเก็ตบอล,ART,coverdance,Bridge,E-sport,ดนตรีสากล,CMSO,IMSU,หมอน้อย,MCCC
680710154,,4,CHORUS,บาสเก็ตบอล,ดนตรีไทย,แชร์บอล,แบตมินตัน,ดนตรีสากล,E-sport,Libir,ไม่มีการเปลี่ยนแปลง,CHORUS,บาสเก็ตบอล,ดนตรีไทย,แชร์บอล,MUAN,ART,ฟุตบอล,วิ่ง,แบตมินตัน,ดนตรีสากล,E-sport,Libir,พอช.,cheerleader,IMSU,ปิงปอง
680710164,,4,ดนตรีไทย,วิ่ง,แชร์บอล,วอลเลย์บอล,Libir,หมอน้อย,E-sport,cheerleader,เช้า ช่วงที่ 1: ฟุตบอล → ดนตรีไทย,ฟุตบอล,วิ่ง,แชร์บอล,วอลเลย์บอล,ดนตรีไทย,บาสเก็ตบอล,เทนนิส,DEVIL,Libir,หมอน้อย,E-sport,cheerleader,IMSU,ปิงปอง,coverdance,Bridge
680710174,,4,วอลเลย์บอล,ฟุตบอล,บาสเก็ตบอล,เปตอง,coverdance,ดนตรีสากล,แบตมินตัน,Bridge,ไม่มีการเปลี่ยนแปลง,วอลเลย์บอล,ฟุตบอล,บาสเก็ตบอล,เปตอง,เทนนิส,วิ่ง,Swimming (ชมรมว่ายน้ำและโปโลน้ำ),DEVIL,coverdance,ดนตรีสากล,แบตมินตัน,Bridge,E-sport,cheerleader,พอช.,หมอน้อย
680710184,,4,CHORUS,Swimming (ชมรมว่ายน้ำและโปโลน้ำ),วิ่ง,บาสเก็ตบอล,IMSU,cheerleader,coverdance,CMSO,เช้า ช่วงที่ 3: วอลเลย์บอล → วิ่ง,CHORUS,Swimming (ชมรมว่ายน้ำและโปโลน้ำ),วอลเลย์บอล,บาสเก็ตบอล,DEVIL,วิ่ง,ART,ฟุตบอล,IMSU,cheerleader,coverdance,CMSO,พอช.,แบตมินตัน,Libir,Bridge
680710194,,4,วิ่ง,แชร์บอล,MUAN,ดนตรีไทย,IMSU,Libir,Bridge,ดนตรีสากล,"เช้า ช่วงที่ 3: วอลเลย์บอล → MUAN, บ่าย ช่วงที่ 3: E-sport → Bridge",วิ่ง,แชร์บอล,วอลเลย์บอล,ดนตรีไทย,DEVIL,บาสเก็ตบอล,MUAN,ฟุตบอล,IMSU,Libir,E-sport,ดนตรีสากล,Bridge,cheerleader,หมอน้อย,ปิงปอง
680710204,,4,แชร์บอล,ฟุตบอล,วิ่ง,บาสเก็ตบอล,MCCC,cheerleader,ปิงปอง,Research,ไม่มีการเปลี่ยนแปลง,แชร์บอล,ฟุตบอล,วิ่ง,บาสเก็ตบอล,ART,เทนนิส,CHORUS,ดนตรีไทย,MCCC,cheerleader,ปิงปอง,Research,E-sport,Bridge,ดนตรีสากล,หมอน้อย
680710214,,4,MUAN,เทนนิส,เปตอง,วอลเลย์บอล,CMSO,IMSU,ปิงปอง,cheerleader,"เช้า ช่วงที่ 1: ART → MUAN, เช้า ช่วงที่ 4: แชร์บอล → วอลเลย์บอล, บ่าย ช่วงที่ 4: ดนตรีสากล → cheerleader",ART,เทนนิส,เปตอง,แชร์บอล,MUAN,วิ่ง,วอลเลย์บอล,CHORUS,CMSO,IMSU,ปิงปอง,ดนตรีสากล,cheerleader,E-sport,แบตมินตัน,พอช.
680710224,,4,วิ่ง,Swimming (ชมรมว่ายน้ำและโปโลน้ำ),CHORUS,MUAN,coverdance,แบตมินตัน,หมอน้อย,MCCC,"เช้า ช่วงที่ 2: DEVIL → Swimming (ชมรมว่ายน้ำและโปโลน้ำ), เช้า ช่วงที่ 4: เทนนิส → MUAN, บ่าย ช่วงที่ 1: Bridge → coverdance",วิ่ง,DEVIL,CHORUS,เทนนิส,Swimming (ชมรมว่ายน้ำและโปโลน้ำ),ฟุตบอล,MUAN,เปตอง,Bridge,แบตมินตัน,หมอน้อย,MCCC,ปิงปอง,coverdance,IMSU,Libir
680710234,,4,วิ่ง,เปตอง,MUAN,CHORUS,coverdance,Libir,Research,Bridge,"เช้า ช่วงที่ 2: บาสเก็ตบอล → เปตอง, เช้า ช่วงที่ 3: วอลเลย์บอล → MUAN, เช้า ช่วงที่ 4: ดนตรีไทย → CHORUS, บ่าย ช่วงที่ 3: แบตมินตัน → Research, บ่าย ช่วงที่ 4: IMSU → Bridge",วิ่ง,บาสเก็ตบอล,วอลเลย์บอล,ดนตรีไทย,เปตอง,CHORUS,ฟุตบอล,MUAN,coverdance,Libir,แบตมินตัน,IMSU,Research,Bridge,พอช.,MCCC
680710244,,4,บาสเก็ตบอล,MUAN,วิ่ง,ฟุตบอล,ดนตรีสากล,พอช.,ปิงปอง,แบตมินตัน,"เช้า ช่วงที่ 1: CHORUS → บาสเก็ตบอล, เช้า ช่วงที่ 2: วอลเลย์บอล → MUAN, เช้า ช่วงที่ 3: Swimming (ชมรมว่ายน้ำและโปโลน้ำ) → วิ่ง",CHORUS,วอลเลย์บอล,Swimming (ชมรมว่ายน้ำและโปโลน้ำ),ฟุตบอล,บาสเก็ตบอล,วิ่ง,แชร์บอล,MUAN,ดนตรีสากล,พอช.,ปิงปอง,แบตมินตัน,cheerleader,Libir,หมอน้อย,MCCC
--- จบกลุ่ม 4 ---,,,,,,,,,,,,,,,,,,,,,,,,,,,
680710005,,5,ดนตรีไทย,DEVIL,วอลเลย์บอล,แชร์บอล,Research,Libir,cheerleader,หมอน้อย,ไม่มีการเปลี่ยนแปลง,ดนตรีไทย,DEVIL,วอลเลย์บอล,แชร์บอล,Swimming (ชมรมว่ายน้ำและโปโลน้ำ),วิ่ง,ฟุตบอล,บาสเก็ตบอล,Research,Libir,cheerleader,หมอน้อย,แบตมินตัน,E-sport,ปิงปอง,CMSO
680710015,,5,DEVIL,บาสเก็ตบอล,วอลเลย์บอล,เปตอง,Libir,Bridge,แบตมินตัน,E-sport,ไม่มีการเปลี่ยนแปลง,DEVIL,บาสเก็ตบอล,วอลเลย์บอล,เปตอง,CHORUS,ART,แชร์บอล,วิ่ง,Libir,Bridge,แบตมินตัน,E-sport,cheerleader,MCCC,พอช.,coverdance
680710025,,5,CHORUS,Swimming (ชมรมว่ายน้ำและโปโลน้ำ),วอลเลย์บอล,DEVIL,CMSO,Research,Libir,cheerleader,ไม่มีการเปลี่ยนแปลง,CHORUS,Swimming (ชมรมว่ายน้ำและโปโลน้ำ),วอลเลย์บอล,DEVIL,เปตอง,วิ่ง,เทนนิส,แชร์บอล,CMSO,Research,Libir,cheerleader,ปิงปอง,พอช.,MCCC,ดนตรีสากล
680710035,,5,ฟุตบอล,วิ่ง,MUAN,วอลเลย์บอล,ปิงปอง,E-sport,ดนตรีสากล,MCCC,ไม่มีการเปลี่ยนแปลง,ฟุตบอล,วิ่ง,MUAN,วอลเลย์บอล,แชร์บอล,เทนนิส,เปตอง,บาสเก็ตบอล,ปิงปอง,E-sport,ดนตรีสากล,MCCC,Research,coverdance,หมอน้อย,Bridge
680710045,,5,DEVIL,MUAN,เทนนิส,วิ่ง,แบตมินตัน,Bridge,cheerleader,IMSU,ไม่มีการเปลี่ยนแปลง,DEVIL,MUAN,เทนนิส,วิ่ง,ดนตรีไทย,ART,เปตอง,บาสเก็ตบอล,แบตมินตัน,Bridge,cheerleader,IMSU,ปิงปอง,Research,coverdance,E-sport
680710055,,5,ฟุตบอล,Swimming (ชมรมว่ายน้ำและโปโลน้ำ),ART,เปตอง,ปิงปอง,พอช.,E-sport,MCCC,ไม่มีการเปลี่ยนแปลง,ฟุตบอล,Swimming (ชมรมว่ายน้ำและโปโลน้ำ),ART,เปตอง,แชร์บอล,ดนตรีไทย,CHORUS,DEVIL,ปิงปอง,พอช.,E-sport,MCCC,Bridge,หมอน้อย,CMSO,IMSU
680710065,,5,MUAN,วอลเลย์บอล,ฟุตบอล,เทนนิส,Research,E-sport,coverdance,ปิงปอง,ไม่มีการเปลี่ยนแปลง,MUAN,วอลเลย์บอล,ฟุตบอล,เทนนิส,บาสเก็ตบอล,CHORUS,แชร์บอล,DEVIL,Research,E-sport,coverdance,ปิงปอง,cheerleader,ดนตรีสากล,แบตมินตัน,Bridge
680710075,,5,วอลเลย์บอล,เทนนิส,CHORUS,ฟุตบอล,Bridge,MCCC,แบตมินตัน,Research,ไม่มีการเปลี่ยนแปลง,วอลเลย์บอล,เทนนิส,CHORUS,ฟุตบอล,วิ่ง,ART,MUAN,เปตอง,Bridge,MCCC,แบตมินตัน,Research,ดนตรีสากล,พอช.,IMSU,หมอน้อย
680710085,,5,CHORUS,DEVIL,ART,Swimming (ชมรมว่ายน้ำและโปโลน้ำ),ปิงปอง,cheerleader,Bridge,coverdance,ไม่มีการเปลี่ยนแปลง,CHORUS,DEVIL,ART,Swimming (ชมรมว่ายน้ำและโปโลน้ำ),ฟุตบอล,เทนนิส,แชร์บอล,วิ่ง,ปิงปอง,cheerleader,Bridge,coverdance,พอช.,ดนตรีสากล,E-sport,Libir
680710095,,5,CHORUS,วอลเลย์บอล,Swimming (ชมรมว่ายน้ำและโปโลน้ำ),DEVIL,ดนตรีสากล,Research,coverdance,cheerleader,ไม่มีการเปลี่ยนแปลง,CHORUS,วอลเลย์บอล,Swimming (ชมรมว่ายน้ำและโปโลน้ำ),DEVIL,MUAN,แชร์บอล,เทนนิส,ฟุตบอล,ดนตรีสากล,Research,coverdance,cheerleader,Bridge,Libir,แบตมินตัน,ปิงปอง
680710105,,5,เปตอง,แชร์บอล,ดนตรีไทย,Swimming (ชมรมว่ายน้ำและโปโลน้ำ),ดนตรีสากล,MCCC,E-sport,แบตมินตัน,ไม่มีการเปลี่ยนแปลง,เปตอง,แชร์บอล,ดนตรีไทย,Swimming (ชมรมว่ายน้ำและโปโลน้ำ),บาสเก็ตบอล,DEVIL,MUAN,ART,ดนตรีสากล,MCCC,E-sport,แบตมินตัน,Bridge,Research,Libir,ปิงปอง
680710115,,5,วอลเลย์บอล,แชร์บอล,Swimming (ชมรมว่ายน้ำและโปโลน้ำ),วิ่ง,พอช.,Libir,cheerleader,CMSO,ไม่มีการเปลี่ยนแปลง,วอลเลย์บอล,แชร์บอล,Swimming (ชมรมว่ายน้ำและโปโลน้ำ),วิ่ง,DEVIL,ฟุตบอล,เปตอง,CHORUS,พอช.,Libir,cheerleader,CMSO,หมอน้อย,ดนตรีสากล,IMSU,ปิงปอง
680710125,,5,วอลเลย์บอล,MUAN,ดนตรีไทย,ฟุตบอล,MCCC,cheerleader,Bridge,ดนตรีสากล,ไม่มีการเปลี่ยนแปลง,วอลเลย์บอล,MUAN,ดนตรีไทย,ฟุตบอล,วิ่ง,เทนนิส,DEVIL,เปตอง,MCCC,cheerleader,Bridge,ดนตรีสากล,หมอน้อย,coverdance,E-sport,ปิงปอง
680710135,,5,เทนนิส,ฟุตบอล,บาสเก็ตบอล,CHORUS,ปิงปอง,cheerleader,IMSU,พอช.,ไม่มีการเปลี่ยนแปลง,เทนนิส,ฟุตบอล,บาสเก็ตบอล,CHORUS,เปตอง,ART,DEVIL,Swimming (ชมรมว่ายน้ำและโปโลน้ำ),ปิงปอง,cheerleader,IMSU,พอช.,Libir,แบตมินตัน,CMSO,Research
680710145,,5,ฟุตบอล,DEVIL,ART,Swimming (ชมรมว่ายน้ำและโปโลน้ำ),ปิงปอง,แบตมินตัน,พอช.,Research,ไม่มีการเปลี่ยนแปลง,ฟุตบอล,DEVIL,ART,Swimming (ชมรมว่ายน้ำและโปโลน้ำ),เทนนิส,เปตอง,วอลเลย์บอล,บาสเก็ตบอล,ปิงปอง,แบตมินตัน,พอช.,Research,MCCC,coverdance,E-sport,cheerleader
680710155,,5,เทนนิส,วิ่ง,DEVIL,ART,แบตมินตัน,cheerleader,Libir,Bridge,ไม่มีการเปลี่ยนแปลง,เทนนิส,วิ่ง,DEVIL,ART,ดนตรีไทย,วอลเลย์บอล,บาสเก็ตบอล,ฟุตบอล,แบตมินตัน,cheerleader,Libir,Bridge,พอช.,หมอน้อย,MCCC,Research
680710165,,5,วอลเลย์บอล,MUAN,เปตอง,CHORUS,IMSU,Research,ดนตรีสากล,ปิงปอง,เช้า ช่วงที่ 4: Swimming (ชมรมว่ายน้ำและโปโลน้ำ) → CHORUS,วอลเลย์บอล,MUAN,เปตอง,Swimming (ชมรมว่ายน้ำและโปโลน้ำ),CHORUS,เทนนิส,ดนตรีไทย,DEVIL,IMSU,Research,ดนตรีสากล,ปิงปอง,พอช.,cheerleader,E-sport,MCCC
680710175,,5,วอลเลย์บอล,MUAN,DEVIL,เทนนิส,CMSO,Libir,MCCC,หมอน้อย,ไม่มีการเปลี่ยนแปลง,วอลเลย์บอล,MUAN,DEVIL,เทนนิส,Swimming (ชมรมว่ายน้ำและโปโลน้ำ),ART,เปตอง,แชร์บอล,CMSO,Libir,MCCC,หมอน้อย,พอช.,ดนตรีสากล,ปิงปอง,cheerleader
680710185,,5,ดนตรีไทย,DEVIL,เปตอง,เทนนิส,cheerleader,IMSU,หมอน้อย,Research,เช้า ช่วงที่ 1: ฟุตบอล → ดนตรีไทย,ฟุตบอล,DEVIL,เปตอง,เทนนิส,ดนตรีไทย,วิ่ง,บาสเก็ตบอล,วอลเลย์บอล,cheerleader,IMSU,หมอน้อย,Research,ปิงปอง,Bridge,MCCC,ดนตรีสากล
680710195,,5,DEVIL,ฟุตบอล,เทนนิส,ART,แบตมินตัน,IMSU,ปิงปอง,MCCC,เช้า ช่วงที่ 2: Swimming (ชมรมว่ายน้ำและโปโลน้ำ) → ฟุตบอล,DEVIL,Swimming (ชมรมว่ายน้ำและโปโลน้ำ),เทนนิส,ART,ฟุตบอล,ดนตรีไทย,บาสเก็ตบอล,CHORUS,แบตมินตัน,IMSU,ปิงปอง,MCCC,Research,CMSO,cheerleader,E-sport
680710205,,5,ART,วิ่ง,Swimming (ชมรมว่ายน้ำและโปโลน้ำ),ฟุตบอล,cheerleader,แบตมินตัน,IMSU,Libir,"บ่าย ช่วงที่ 1: ปิงปอง → cheerleader, บ่าย ช่วงที่ 2: E-sport → แบตมินตัน",ART,วิ่ง,Swimming (ชมรมว่ายน้ำและโปโลน้ำ),ฟุตบอล,เปตอง,DEVIL,บาสเก็ตบอล,วอลเลย์บอล,ปิงปอง,E-sport,IMSU,Libir,cheerleader,แบตมินตัน,หมอน้อย,MCCC
680710215,,5,วิ่ง,แชร์บอล,ART,บาสเก็ตบอล,Bridge,IMSU,ปิงปอง,แบตมินตัน,"เช้า ช่วงที่ 3: วอลเลย์บอล → ART, บ่าย ช่วงที่ 1: ดนตรีสากล → Bridge",วิ่ง,แชร์บอล,วอลเลย์บอล,บาสเก็ตบอล,ART,เทนนิส,Swimming (ชมรมว่ายน้ำและโปโลน้ำ),เปตอง,ดนตรีสากล,IMSU,ปิงปอง,แบตมินตัน,Bridge,coverdance,หมอน้อย,E-sport
680710225,,5,Swimming (ชมรมว่ายน้ำและโปโลน้ำ),เปตอง,แชร์บอล,วอลเลย์บอล,Research,Bridge,ดนตรีสากล,E-sport,เช้า ช่วงที่ 2: บาสเก็ตบอล → เปตอง,Swimming (ชมรมว่ายน้ำและโปโลน้ำ),บาสเก็ตบอล,แชร์บอล,วอลเลย์บอล,เปตอง,ฟุตบอล,เทนนิส,วิ่ง,Research,Bridge,ดนตรีสากล,E-sport,cheerleader,แบตมินตัน,ปิงปอง,IMSU
680710235,,5,เปตอง,CHORUS,ดนตรีไทย,Swimming (ชมรมว่ายน้ำและโปโลน้ำ),หมอน้อย,Libir,IMSU,CMSO,"เช้า ช่วงที่ 3: ฟุตบอล → ดนตรีไทย, เช้า ช่วงที่ 4: แชร์บอล → Swimming (ชมรมว่ายน้ำและโปโลน้ำ), บ่าย ช่วงที่ 1: ปิงปอง → หมอน้อย, บ่าย ช่วงที่ 3: แบตมินตัน → IMSU",เปตอง,CHORUS,ฟุตบอล,แชร์บอล,ดนตรีไทย,DEVIL,Swimming (ชมรมว่ายน้ำและโปโลน้ำ),ART,ปิงปอง,Libir,แบตมินตัน,CMSO,หมอน้อย,IMSU,ดนตรีสากล,Bridge
680710245,,5,MUAN,บาสเก็ตบอล,เทนนิส,ดนตรีไทย,CMSO,cheerleader,Bridge,แบตมินตัน,"เช้า ช่วงที่ 2: CHORUS → บาสเก็ตบอล, เช้า ช่วงที่ 3: DEVIL → เทนนิส, บ่าย ช่วงที่ 2: Research → cheerleader, บ่าย ช่วงที่ 4: IMSU → แบตมินตัน",MUAN,CHORUS,DEVIL,ดนตรีไทย,บาสเก็ตบอล,เทนนิส,วิ่ง,แชร์บอล,CMSO,Research,Bridge,IMSU,cheerleader,แบตมินตัน,coverdance,ดนตรีสากล
--- จบกลุ่ม 5 ---,,,,,,,,,,,,,,,,,,,,,,,,,,,
680710006,,6,เทนนิส,DEVIL,ฟุตบอล,เปตอง,แบตมินตัน,IMSU,ดนตรีสากล,CMSO,ไม่มีการเปลี่ยนแปลง,เทนนิส,DEVIL,ฟุตบอล,เปตอง,MUAN,แชร์บอล,ART,CHORUS,แบตมินตัน,IMSU,ดนตรีสากล,CMSO,หมอน้อย,Libir,coverdance,Bridge
680710016,,6,วอลเลย์บอล,ดนตรีไทย,DEVIL,ART,coverdance,IMSU,E-sport,MCCC,ไม่มีการเปลี่ยนแปลง,วอลเลย์บอล,ดนตรีไทย,DEVIL,ART,บาสเก็ตบอล,MUAN,เปตอง,เทนนิส,coverdance,IMSU,E-sport,MCCC,ดนตรีสากล,แบตมินตัน,Bridge,หมอน้อย
680710026,,6,DEVIL,ฟุตบอล,วอลเลย์บอล,ART,Research,cheerleader,Bridge,coverdance,ไม่มีการเปลี่ยนแปลง,DEVIL,ฟุตบอล,วอลเลย์บอล,ART,บาสเก็ตบอล,แชร์บอล,Swimming (ชมรมว่ายน้ำและโปโลน้ำ),เทนนิส,Research,cheerleader,Bridge,coverdance,ดนตรีสากล,พอช.,Libir,E-sport
680710036,,6,Swimming (ชมรมว่ายน้ำและโปโลน้ำ),DEVIL,เทนนิส,ฟุตบอล,พอช.,Bridge,Research,MCCC,ไม่มีการเปลี่ยนแปลง,Swimming (ชมรมว่ายน้ำและโปโลน้ำ),DEVIL,เทนนิส,ฟุตบอล,วอลเลย์บอล,บาสเก็ตบอล,ดนตรีไทย,เปตอง,พอช.,Bridge,Research,MCCC,E-sport,ดนตรีสากล,ปิงปอง,แบตมินตัน
680710046,,6,ดนตรีไทย,บาสเก็ตบอล,ฟุตบอล,DEVIL,Bridge,Libir,IMSU,ดนตรีสากล,ไม่มีการเปลี่ยนแปลง,ดนตรีไทย,บาสเก็ตบอล,ฟุตบอล,DEVIL,เปตอง,Swimming (ชมรมว่ายน้ำและโปโลน้ำ),MUAN,แชร์บอล,Bridge,Libir,IMSU,ดนตรีสากล,cheerleader,coverdance,ปิงปอง,แบตมินตัน
680710056,,6,บาสเก็ตบอล,ART,วิ่ง,แชร์บอล,cheerleader,Libir,พอช.,E-sport,ไม่มีการเปลี่ยนแปลง,บาสเก็ตบอล,ART,วิ่ง,แชร์บอล,เปตอง,CHORUS,ดนตรีไทย,วอลเลย์บอล,cheerleader,Libir,พอช.,E-sport,ปิงปอง,ดนตรีสากล,coverdance,Research
680710066,,6,บาสเก็ตบอล,ART,เทนนิส,ดนตรีไทย,Bridge,Libir,MCCC,coverdance,ไม่มีการเปลี่ยนแปลง,บาสเก็ตบอล,ART,เทนนิส,ดนตรีไทย,เปตอง,ฟุตบอล,วอลเลย์บอล,DEVIL,Bridge,Libir,MCCC,coverdance,cheerleader,หมอน้อย,E-sport,ดนตรีสากล
680710076,,6,วอลเลย์บอล,MUAN,เทนนิส,แชร์บอล,coverdance,E-sport,แบตมินตัน,หมอน้อย,ไม่มีการเปลี่ยนแปลง,วอลเลย์บอล,MUAN,เทนนิส,แชร์บอล,ART,CHORUS,เปตอง,วิ่ง,coverdance,E-sport,แบตมินตัน,หมอน้อย,CMSO,พอช.,Bridge,Research
680710086,,6,บาสเก็ตบอล,เทนนิส,Swimming (ชมรมว่ายน้ำและโปโลน้ำ),วิ่ง,Libir,E-sport,cheerleader,หมอน้อย,ไม่มีการเปลี่ยนแปลง,บาสเก็ตบอล,เทนนิส,Swimming (ชมรมว่ายน้ำและโปโลน้ำ),วิ่ง,CHORUS,MUAN,ART,ฟุตบอล,Libir,E-sport,cheerleader,หมอน้อย,ดนตรีสากล,Research,พอช.,ปิงปอง
680710096,,6,MUAN,Swimming (ชมรมว่ายน้ำและโปโลน้ำ),ART,CHORUS,cheerleader,E-sport,หมอน้อย,พอช.,ไม่มีการเปลี่ยนแปลง,MUAN,Swimming (ชมรมว่ายน้ำและโปโลน้ำ),ART,CHORUS,เทนนิส,ฟุตบอล,DEVIL,วิ่ง,cheerleader,E-sport,หมอน้อย,พอช.,Libir,Bridge,coverdance,ดนตรีสากล
680710106,,6,แชร์บอล,CHORUS,บาสเก็ตบอล,ดนตรีไทย,Bridge,MCCC,Research,CMSO,ไม่มีการเปลี่ยนแปลง,แชร์บอล,CHORUS,บาสเก็ตบอล,ดนตรีไทย,DEVIL,วอลเลย์บอล,เทนนิส,เปตอง,Bridge,MCCC,Research,CMSO,แบตมินตัน,Libir,cheerleader,ดนตรีสากล
680710116,,6,เทนนิส,Swimming (ชมรมว่ายน้ำและโปโลน้ำ),ดนตรีไทย,ART,Libir,IMSU,ดนตรีสากล,Bridge,ไม่มีการเปลี่ยนแปลง,เทนนิส,Swimming (ชมรมว่ายน้ำและโปโลน้ำ),ดนตรีไทย,ART,วิ่ง,วอลเลย์บอล,MUAN,DEVIL,Libir,IMSU,ดนตรีสากล,Bridge,หมอน้อย,ปิงปอง,พอช.,cheerleader
680710126,,6,Swimming (ชมรมว่ายน้ำและโปโลน้ำ),ART,CHORUS,วิ่ง,MCCC,ปิงปอง,Bridge,Research,ไม่มีการเปลี่ยนแปลง,Swimming (ชมรมว่ายน้ำและโปโลน้ำ),ART,CHORUS,วิ่ง,ดนตรีไทย,ฟุตบอล,วอลเลย์บอล,แชร์บอล,MCCC,ปิงปอง,Bridge,Research,หมอน้อย,พอช.,E-sport,coverdance
680710136,,6,ฟุตบอล,แชร์บอล,บาสเก็ตบอล,MUAN,ดนตรีสากล,CMSO,E-sport,coverdance,ไม่มีการเปลี่ยนแปลง,ฟุตบอล,แชร์บอล,บาสเก็ตบอล,MUAN,CHORUS,วอลเลย์บอล,เทนนิส,วิ่ง,ดนตรีสากล,CMSO,E-sport,coverdance,cheerleader,IMSU,หมอน้อย,MCCC
680710146,,6,ฟุตบอล,Swimming (ชมรมว่ายน้ำและโปโลน้ำ),DEVIL,บาสเก็ตบอล,Research,IMSU,ดนตรีสากล,MCCC,ไม่มีการเปลี่ยนแปลง,ฟุตบอล,Swimming (ชมรมว่ายน้ำและโปโลน้ำ),DEVIL,บาสเก็ตบอล,CHORUS,วอลเลย์บอล,เทนนิส,ART,Research,IMSU,ดนตรีสากล,MCCC,หมอน้อย,E-sport,cheerleader,CMSO
680710156,,6,Swimming (ชมรมว่ายน้ำและโปโลน้ำ),วิ่ง,ฟุตบอล,เทนนิส,coverdance,cheerleader,ปิงปอง,หมอน้อย,ไม่มีการเปลี่ยนแปลง,Swimming (ชมรมว่ายน้ำและโปโลน้ำ),วิ่ง,ฟุตบอล,เทนนิส,MUAN,วอลเลย์บอล,บาสเก็ตบอล,CHORUS,coverdance,cheerleader,ปิงปอง,หมอน้อย,ดนตรีสากล,แบตมินตัน,CMSO,Bridge
680710166,,6,เปตอง,CHORUS,ฟุตบอล,บาสเก็ตบอล,หมอน้อย,แบตมินตัน,Research,Libir,บ่าย ช่วงที่ 1: ดนตรีสากล → หมอน้อย,เปตอง,CHORUS,ฟุตบอล,บาสเก็ตบอล,ดนตรีไทย,วิ่ง,เทนนิส,DEVIL,ดนตรีสากล,แบตมินตัน,Research,Libir,หมอน้อย,ปิงปอง,cheerleader,CMSO
680710176,,6,บาสเก็ตบอล,Swimming (ชมรมว่ายน้ำและโปโลน้ำ),เทนนิส,ดนตรีไทย,cheerleader,coverdance,Bridge,Research,ไม่มีการเปลี่ยนแปลง,บาสเก็ตบอล,Swimming (ชมรมว่ายน้ำและโปโลน้ำ),เทนนิส,ดนตรีไทย,DEVIL,ART,แชร์บอล,ฟุตบอล,cheerleader,coverdance,Bridge,Research,E-sport,ดนตรีสากล,หมอน้อย,MCCC
680710186,,6,วอลเลย์บอล,วิ่ง,DEVIL,แชร์บอล,E-sport,ดนตรีสากล,MCCC,IMSU,ไม่มีการเปลี่ยนแปลง,วอลเลย์บอล,วิ่ง,DEVIL,แชร์บอล,เปตอง,เทนนิส,ฟุตบอล,MUAN,E-sport,ดนตรีสากล,MCCC,IMSU,หมอน้อย,Libir,พอช.,แบตมินตัน
680710196,,6,ART,CHORUS,ดนตรีไทย,DEVIL,CMSO,หมอน้อย,แบตมินตัน,MCCC,เช้า ช่วงที่ 3: ฟุตบอล → ดนตรีไทย,ART,CHORUS,ฟุตบอล,DEVIL,ดนตรีไทย,Swimming (ชมรมว่ายน้ำและโปโลน้ำ),วิ่ง,แชร์บอล,CMSO,หมอน้อย,แบตมินตัน,MCCC,Research,E-sport,ปิงปอง,พอช.
680710206,,6,ดนตรีไทย,ฟุตบอล,Swimming (ชมรมว่ายน้ำและโปโลน้ำ),วิ่ง,Research,ดนตรีสากล,cheerleader,MCCC,ไม่มีการเปลี่ยนแปลง,ดนตรีไทย,ฟุตบอล,Swimming (ชมรมว่ายน้ำและโปโลน้ำ),วิ่ง,บาสเก็ตบอล,แชร์บอล,ART,DEVIL,Research,ดนตรีสากล,cheerleader,MCCC,ปิงปอง,หมอน้อย,พอช.,Bridge
680710216,,6,เทนนิส,วอลเลย์บอล,MUAN,ดนตรีไทย,ปิงปอง,Research,Bridge,Libir,"เช้า ช่วงที่ 1: แชร์บอล → เทนนิส, เช้า ช่วงที่ 2: Swimming (ชมรมว่ายน้ำและโปโลน้ำ) → วอลเลย์บอล",แชร์บอล,Swimming (ชมรมว่ายน้ำและโปโลน้ำ),MUAN,ดนตรีไทย,เทนนิส,CHORUS,วอลเลย์บอล,บาสเก็ตบอล,ปิงปอง,Research,Bridge,Libir,ดนตรีสากล,E-sport,cheerleader,หมอน้อย
680710226,,6,CHORUS,ART,แชร์บอล,MUAN,Research,MCCC,CMSO,cheerleader,"เช้า ช่วงที่ 2: Swimming (ชมรมว่ายน้ำและโปโลน้ำ) → ART, เช้า ช่วงที่ 3: บาสเก็ตบอล → แชร์บอล, บ่าย ช่วงที่ 4: IMSU → cheerleader",CHORUS,Swimming (ชมรมว่ายน้ำและโปโลน้ำ),บาสเก็ตบอล,MUAN,ART,แชร์บอล,วอลเลย์บอล,DEVIL,Research,MCCC,CMSO,IMSU,cheerleader,แบตมินตัน,ดนตรีสากล,E-sport
680710236,,6,MUAN,Swimming (ชมรมว่ายน้ำและโปโลน้ำ),เปตอง,วอลเลย์บอล,แบตมินตัน,IMSU,ดนตรีสากล,CMSO,"เช้า ช่วงที่ 1: แชร์บอล → MUAN, เช้า ช่วงที่ 2: วิ่ง → Swimming (ชมรมว่ายน้ำและโปโลน้ำ), เช้า ช่วงที่ 3: เทนนิส → เปตอง",แชร์บอล,วิ่ง,เทนนิส,วอลเลย์บอล,MUAN,Swimming (ชมรมว่ายน้ำและโปโลน้ำ),DEVIL,ดนตรีไทย,แบตมินตัน,IMSU,ดนตรีสากล,CMSO,หมอน้อย,Libir,coverdance,ปิงปอง
680710246,,6,DEVIL,ฟุตบอล,ART,เปตอง,Libir,CMSO,หมอน้อย,ปิงปอง,"เช้า ช่วงที่ 1: เทนนิส → DEVIL, เช้า ช่วงที่ 2: Swimming (ชมรมว่ายน้ำและโปโลน้ำ) → ฟุตบอล, เช้า ช่วงที่ 3: วอลเลย์บอล → ART, เช้า ช่วงที่ 4: ดนตรีไทย → เปตอง, บ่าย ช่วงที่ 2: MCCC → CMSO, บ่าย ช่วงที่ 3: cheerleader → หมอน้อย",เทนนิส,Swimming (ชมรมว่ายน้ำและโปโลน้ำ),วอลเลย์บอล,ดนตรีไทย,ฟุตบอล,DEVIL,ART,เปตอง,Libir,MCCC,cheerleader,ปิงปอง,CMSO,หมอน้อย,Bridge,ดนตรีสากล
--- จบกลุ่ม 6 ---,,,,,,,,,,,,,,,,,,,,,,,,,,,
680710007,,7,ฟุตบอล,บาสเก็ตบอล,วอลเลย์บอล,MUAN,ดนตรีสากล,Bridge,MCCC,IMSU,ไม่มีการเปลี่ยนแปลง,ฟุตบอล,บาสเก็ตบอล,วอลเลย์บอล,MUAN,DEVIL,เทนนิส,วิ่ง,แชร์บอล,ดนตรีสากล,Bridge,MCCC,IMSU,E-sport,หมอน้อย,พอช.,cheerleader
680710017,,7,CHORUS,บาสเก็ตบอล,ดนตรีไทย,Swimming (ชมรมว่ายน้ำและโปโลน้ำ),ดนตรีสากล,IMSU,ปิงปอง,E-sport,ไม่มีการเปลี่ยนแปลง,CHORUS,บาสเก็ตบอล,ดนตรีไทย,Swimming (ชมรมว่ายน้ำและโปโลน้ำ),ART,ฟุตบอล,วิ่ง,แชร์บอล,ดนตรีสากล,IMSU,ปิงปอง,E-sport,Research,หมอน้อย,coverdance,Libir
680710027,,7,ART,MUAN,วอลเลย์บอล,เทนนิส,พอช.,แบตมินตัน,E-sport,MCCC,ไม่มีการเปลี่ยนแปลง,ART,MUAN,วอลเลย์บอล,เทนนิส,บาสเก็ตบอล,CHORUS,DEVIL,ฟุตบอล,พอช.,แบตมินตัน,E-sport,MCCC,Bridge,หมอน้อย,Libir,Research
680710037,,7,แชร์บอล,ฟุตบอล,วิ่ง,ART,Research,E-sport,cheerleader,MCCC,ไม่มีการเปลี่ยนแปลง,แชร์บอล,ฟุตบอล,วิ่ง,ART,ดนตรีไทย,DEVIL,วอลเลย์บอล,เปตอง,Research,E-sport,cheerleader,MCCC,coverdance,ดนตรีสากล,Bridge,พอช.
680710047,,7,Swimming (ชมรมว่ายน้ำและโปโลน้ำ),DEVIL,MUAN,ฟุตบอล,หมอน้อย,E-sport,ปิงปอง,Libir,ไม่มีการเปลี่ยนแปลง,Swimming (ชมรมว่ายน้ำและโปโลน้ำ),DEVIL,MUAN,ฟุตบอล,CHORUS,วอลเลย์บอล,ART,บาสเก็ตบอล,หมอน้อย,E-sport,ปิงปอง,Libir,แบตมินตัน,ดนตรีสากล,Research,Bridge
680710057,,7,CHORUS,แชร์บอล,เปตอง,DEVIL,Bridge,แบตมินตัน,Research,CMSO,ไม่มีการเปลี่ยนแปลง,CHORUS,แชร์บอล,เปตอง,DEVIL,บาสเก็ตบอล,Swimming (ชมรมว่ายน้ำและโปโลน้ำ),เทนนิส,วอลเลย์บอล,Bridge,แบตมินตัน,Research,CMSO,ดนตรีสากล,MCCC,พอช.,ปิงปอง
680710067,,7,เปตอง,เทนนิส,บาสเก็ตบอล,วิ่ง,IMSU,coverdance,MCCC,ดนตรีสากล,ไม่มีการเปลี่ยนแปลง,เปตอง,เทนนิส,บาสเก็ตบอล,วิ่ง,Swimming (ชมรมว่ายน้ำและโปโลน้ำ),วอลเลย์บอล,แชร์บอล,DEVIL,IMSU,coverdance,MCCC,ดนตรีสากล,หมอน้อย,CMSO,Libir,ปิงปอง
680710077,,7,แชร์บอล,บาสเก็ตบอล,เทนนิส,วอลเลย์บอล,ดนตรีสากล,แบตมินตัน,IMSU,cheerleader,ไม่มีการเปลี่ยนแปลง,แชร์บอล,บาสเก็ตบอล,เทนนิส,วอลเลย์บอล,Swimming (ชมรมว่ายน้ำและโปโลน้ำ),DEVIL,MUAN,เปตอง,ดนตรีสากล,แบตมินตัน,IMSU,cheerleader,coverdance,CMSO,E-sport,Bridge
680710087,,7,วิ่ง,บาสเก็ตบอล,Swimming (ชมรมว่ายน้ำและโปโลน้ำ),แชร์บอล,แบตมินตัน,Libir,CMSO,หมอน้อย,ไม่มีการเปลี่ยนแปลง,วิ่ง,บาสเก็ตบอล,Swimming (ชมรมว่ายน้ำและโปโลน้ำ),แชร์บอล,DEVIL,วอลเลย์บอล,ดนตรีไทย,ART,แบตมินตัน,Libir,CMSO,หมอน้อย,พอช.,E-sport,MCCC,Bridge
680710097,,7,วิ่ง,ฟุตบอล,บาสเก็ตบอล,MUAN,CMSO,ปิงปอง,ดนตรีสากล,Libir,ไม่มีการเปลี่ยนแปลง,วิ่ง,ฟุตบอล,บาสเก็ตบอล,MUAN,DEVIL,วอลเลย์บอล,เทนนิส,ดนตรีไทย,CMSO,ปิงปอง,ดนตรีสากล,Libir,แบตมินตัน,หมอน้อย,Research,coverdance
680710107,,7,CHORUS,วอลเลย์บอล,เทนนิส,Swimming (ชมรมว่ายน้ำและโปโลน้ำ),Bridge,Research,ดนตรีสากล,แบตมินตัน,ไม่มีการเปลี่ยนแปลง,CHORUS,วอลเลย์บอล,เทนนิส,Swimming (ชมรมว่ายน้ำและโปโลน้ำ),วิ่ง,ฟุตบอล,MUAN,DEVIL,Bridge,Research,ดนตรีสากล,แบตมินตัน,MCCC,cheerleader,IMSU,Libir
680710117,,7,DEVIL,MUAN,บาสเก็ตบอล,แชร์บอล,ปิงปอง,แบตมินตัน,Research,cheerleader,ไม่มีการเปลี่ยนแปลง,DEVIL,MUAN,บาสเก็ตบอล,แชร์บอล,วิ่ง,เทนนิส,ART,เปตอง,ปิงปอง,แบตมินตัน,Research,cheerleader,MCCC,E-sport,Libir,coverdance
680710127,,7,ART,บาสเก็ตบอล,Swimming (ชมรมว่ายน้ำและโปโลน้ำ),วอลเลย์บอล,E-sport,หมอน้อย,IMSU,cheerleader,ไม่มีการเปลี่ยนแปลง,ART,บาสเก็ตบอล,Swimming (ชมรมว่ายน้ำและโปโลน้ำ),วอลเลย์บอล,ฟุตบอล,CHORUS,เปตอง,ดนตรีไทย,E-sport,หมอน้อย,IMSU,cheerleader,ดนตรีสากล,coverdance,Bridge,MCCC
680710137,,7,เปตอง,เทนนิส,Swimming (ชมรมว่ายน้ำและโปโลน้ำ),แชร์บอล,Research,หมอน้อย,แบตมินตัน,coverdance,ไม่มีการเปลี่ยนแปลง,เปตอง,เทนนิส,Swimming (ชมรมว่ายน้ำและโปโลน้ำ),แชร์บอล,บาสเก็ตบอล,วอลเลย์บอล,ฟุตบอล,MUAN,Research,หมอน้อย,แบตมินตัน,coverdance,Bridge,Libir,IMSU,ปิงปอง
680710147,,7,DEVIL,ดนตรีไทย,แชร์บอล,MUAN,Bridge,coverdance,แบตมินตัน,หมอน้อย,เช้า ช่วงที่ 2: วอลเลย์บอล → ดนตรีไทย,DEVIL,วอลเลย์บอล,แชร์บอล,MUAN,เทนนิส,CHORUS,ART,วิ่ง,Bridge,coverdance,แบตมินตัน,หมอน้อย,ดนตรีสากล,Research,Libir,cheerleader
680710157,,7,CHORUS,แชร์บอล,ART,เปตอง,หมอน้อย,ดนตรีสากล,Bridge,coverdance,เช้า ช่วงที่ 4: Swimming (ชมรมว่ายน้ำและโปโลน้ำ) → เปตอง,CHORUS,แชร์บอล,ART,Swimming (ชมรมว่ายน้ำและโปโลน้ำ),ฟุตบอล,เปตอง,MUAN,บาสเก็ตบอล,หมอน้อย,ดนตรีสากล,Bridge,coverdance,E-sport,cheerleader,MCCC,Libir
680710167,,7,เทนนิส,ฟุตบอล,บาสเก็ตบอล,ART,MCCC,Research,พอช.,CMSO,บ่าย ช่วงที่ 1: ปิงปอง → MCCC,เทนนิส,ฟุตบอล,บาสเก็ตบอล,ART,Swimming (ชมรมว่ายน้ำและโปโลน้ำ),แชร์บอล,DEVIL,MUAN,ปิงปอง,Research,พอช.,CMSO,MCCC,แบตมินตัน,E-sport,Bridge
680710177,,7,MUAN,เทนนิส,ART,แชร์บอล,Bridge,แบตมินตัน,MCCC,IMSU,"เช้า ช่วงที่ 3: บาสเก็ตบอล → ART, บ่าย ช่วงที่ 3: E-sport → MCCC",MUAN,เทนนิส,บาสเก็ตบอล,แชร์บอล,ART,Swimming (ชมรมว่ายน้ำและโปโลน้ำ),เปตอง,วิ่ง,Bridge,แบตมินตัน,E-sport,IMSU,MCCC,cheerleader,coverdance,หมอน้อย
680710187,,7,เทนนิส,CHORUS,MUAN,วอลเลย์บอล,Bridge,cheerleader,MCCC,coverdance,"เช้า ช่วงที่ 1: ฟุตบอล → เทนนิส, เช้า ช่วงที่ 3: บาสเก็ตบอล → MUAN",ฟุตบอล,CHORUS,บาสเก็ตบอล,วอลเลย์บอล,เทนนิส,Swimming (ชมรมว่ายน้ำและโปโลน้ำ),MUAN,เปตอง,Bridge,cheerleader,MCCC,coverdance,E-sport,พอช.,IMSU,ปิงปอง
680710197,,7,ดนตรีไทย,CHORUS,เทนนิส,ฟุตบอล,Libir,Research,ดนตรีสากล,E-sport,ไม่มีการเปลี่ยนแปลง,ดนตรีไทย,CHORUS,เทนนิส,ฟุตบอล,วิ่ง,บาสเก็ตบอล,DEVIL,Swimming (ชมรมว่ายน้ำและโปโลน้ำ),Libir,Research,ดนตรีสากล,E-sport,ปิงปอง,แบตมินตัน,พอช.,MCCC
680710207,,7,เปตอง,ART,วิ่ง,MUAN,แบตมินตัน,ดนตรีสากล,Research,พอช.,"เช้า ช่วงที่ 4: Swimming (ชมรมว่ายน้ำและโปโลน้ำ) → MUAN, บ่าย ช่วงที่ 2: cheerleader → ดนตรีสากล, บ่าย ช่วงที่ 3: E-sport → Research",เปตอง,ART,วิ่ง,Swimming (ชมรมว่ายน้ำและโปโลน้ำ),DEVIL,MUAN,แชร์บอล,CHORUS,แบตมินตัน,cheerleader,E-sport,พอช.,Research,ดนตรีสากล,Bridge,Libir
680710217,,7,MUAN,Swimming (ชมรมว่ายน้ำและโปโลน้ำ),ART,ฟุตบอล,cheerleader,MCCC,แบตมินตัน,coverdance,"เช้า ช่วงที่ 3: เทนนิส → ART, บ่าย ช่วงที่ 1: ดนตรีสากล → cheerleader",MUAN,Swimming (ชมรมว่ายน้ำและโปโลน้ำ),เทนนิส,ฟุตบอล,ART,บาสเก็ตบอล,DEVIL,ดนตรีไทย,ดนตรีสากล,MCCC,แบตมินตัน,coverdance,cheerleader,ปิงปอง,E-sport,IMSU
680710227,,7,ดนตรีไทย,MUAN,Swimming (ชมรมว่ายน้ำและโปโลน้ำ),CHORUS,Libir,coverdance,IMSU,ปิงปอง,"เช้า ช่วงที่ 2: วอลเลย์บอล → MUAN, บ่าย ช่วงที่ 2: E-sport → coverdance, บ่าย ช่วงที่ 4: หมอน้อย → ปิงปอง",ดนตรีไทย,วอลเลย์บอล,Swimming (ชมรมว่ายน้ำและโปโลน้ำ),CHORUS,ฟุตบอล,MUAN,DEVIL,วิ่ง,Libir,E-sport,IMSU,หมอน้อย,coverdance,ปิงปอง,MCCC,cheerleader
680710237,,7,MUAN,วิ่ง,แชร์บอล,บาสเก็ตบอล,Research,หมอน้อย,ปิงปอง,Bridge,"เช้า ช่วงที่ 2: CHORUS → วิ่ง, บ่าย ช่วงที่ 1: ดนตรีสากล → Research, บ่าย ช่วงที่ 4: cheerleader → Bridge",MUAN,CHORUS,แชร์บอล,บาสเก็ตบอล,วิ่ง,เทนนิส,วอลเลย์บอล,ฟุตบอล,ดนตรีสากล,หมอน้อย,ปิงปอง,cheerleader,Research,Bridge,coverdance,IMSU
680710247,,7,บาสเก็ตบอล,วอลเลย์บอล,ฟุตบอล,แชร์บอล,E-sport,coverdance,MCCC,Bridge,"เช้า ช่วงที่ 1: CHORUS → บาสเก็ตบอล, เช้า ช่วงที่ 2: Swimming (ชมรมว่ายน้ำและโปโลน้ำ) → วอลเลย์บอล, เช้า ช่วงที่ 4: DEVIL → แชร์บอล, บ่าย ช่วงที่ 3: Research → MCCC",CHORUS,Swimming (ชมรมว่ายน้ำและโปโลน้ำ),ฟุตบอล,DEVIL,บาสเก็ตบอล,วอลเลย์บอล,แชร์บอล,MUAN,E-sport,coverdance,Research,Bridge,MCCC,cheerleader,IMSU,Libir
--- จบกลุ่ม 7 ---,,,,,,,,,,,,,,,,,,,,,,,,,,,
680710008,,8,แชร์บอล,CHORUS,ฟุตบอล,วอลเลย์บอล,Research,Libir,หมอน้อย,ดนตรีสากล,ไม่มีการเปลี่ยนแปลง,แชร์บอล,CHORUS,ฟุตบอล,วอลเลย์บอล,ART,บาสเก็ตบอล,เทนนิส,MUAN,Research,Libir,หมอน้อย,ดนตรีสากล,MCCC,พอช.,แบตมินตัน,Bridge
680710018,,8,CHORUS,MUAN,แชร์บอล,เปตอง,Bridge,หมอน้อย,Research,E-sport,ไม่มีการเปลี่ยนแปลง,CHORUS,MUAN,แชร์บอล,เปตอง,DEVIL,ฟุตบอล,วอลเลย์บอล,เทนนิส,Bridge,หมอน้อย,Research,E-sport,แบตมินตัน,cheerleader,CMSO,MCCC
680710028,,8,วิ่ง,แชร์บอล,ART,DEVIL,coverdance,E-sport,พอช.,MCCC,ไม่มีการเปลี่ยนแปลง,วิ่ง,แชร์บอล,ART,DEVIL,เทนนิส,MUAN,CHORUS,บาสเก็ตบอล,coverdance,E-sport,พอช.,MCCC,Libir,หมอน้อย,Bridge,cheerleader
680710038,,8,Swimming (ชมรมว่ายน้ำและโปโลน้ำ),วิ่ง,เปตอง,DEVIL,พอช.,ปิงปอง,E-sport,Research,ไม่มีการเปลี่ยนแปลง,Swimming (ชมรมว่ายน้ำและโปโลน้ำ),วิ่ง,เปตอง,DEVIL,ดนตรีไทย,เทนนิส,บาสเก็ตบอล,ฟุตบอล,พอช.,ปิงปอง,E-sport,Research,ดนตรีสากล,CMSO,หมอน้อย,แบตมินตัน
680710048,,8,แชร์บอล,เทนนิส,DEVIL,ฟุตบอล,Research,MCCC,E-sport,coverdance,ไม่มีการเปลี่ยนแปลง,แชร์บอล,เทนนิส,DEVIL,ฟุตบอล,CHORUS,บาสเก็ตบอล,เปตอง,ดนตรีไทย,Research,MCCC,E-sport,coverdance,หมอน้อย,ปิงปอง,ดนตรีสากล,CMSO
680710058,,8,Swimming (ชมรมว่ายน้ำและโปโลน้ำ),บาสเก็ตบอล,ดนตรีไทย,แชร์บอล,ดนตรีสากล,E-sport,MCCC,coverdance,ไม่มีการเปลี่ยนแปลง,Swimming (ชมรมว่ายน้ำและโปโลน้ำ),บาสเก็ตบอล,ดนตรีไทย,แชร์บอล,MUAN,วอลเลย์บอล,CHORUS,วิ่ง,ดนตรีสากล,E-sport,MCCC,coverdance,cheerleader,หมอน้อย,Research,ปิงปอง
680710068,,8,ฟุตบอล,CHORUS,DEVIL,วิ่ง,cheerleader,หมอน้อย,Research,แบตมินตัน,ไม่มีการเปลี่ยนแปลง,ฟุตบอล,CHORUS,DEVIL,วิ่ง,เทนนิส,MUAN,ดนตรีไทย,ART,cheerleader,หมอน้อย,Research,แบตมินตัน,IMSU,coverdance,ดนตรีสากล,ปิงปอง
680710078,,8,ART,วิ่ง,ฟุตบอล,แชร์บอล,พอช.,CMSO,Bridge,MCCC,ไม่มีการเปลี่ยนแปลง,ART,วิ่ง,ฟุตบอล,แชร์บอล,CHORUS,Swimming (ชมรมว่ายน้ำและโปโลน้ำ),เทนนิส,เปตอง,พอช.,CMSO,Bridge,MCCC,IMSU,แบตมินตัน,ดนตรีสากล,Research
680710088,,8,ฟุตบอล,วอลเลย์บอล,CHORUS,Swimming (ชมรมว่ายน้ำและโปโลน้ำ),coverdance,หมอน้อย,E-sport,cheerleader,ไม่มีการเปลี่ยนแปลง,ฟุตบอล,วอลเลย์บอล,CHORUS,Swimming (ชมรมว่ายน้ำและโปโลน้ำ),เทนนิส,เปตอง,ดนตรีไทย,DEVIL,coverdance,หมอน้อย,E-sport,cheerleader,ปิงปอง,IMSU,Bridge,Libir
680710098,,8,เปตอง,ดนตรีไทย,Swimming (ชมรมว่ายน้ำและโปโลน้ำ),วิ่ง,Bridge,ปิงปอง,cheerleader,Libir,ไม่มีการเปลี่ยนแปลง,เปตอง,ดนตรีไทย,Swimming (ชมรมว่ายน้ำและโปโลน้ำ),วิ่ง,CHORUS,MUAN,แชร์บอล,เทนนิส,Bridge,ปิงปอง,cheerleader,Libir,IMSU,หมอน้อย,แบตมินตัน,CMSO
680710108,,8,บาสเก็ตบอล,Swimming (ชมรมว่ายน้ำและโปโลน้ำ),DEVIL,เปตอง,cheerleader,Libir,แบตมินตัน,IMSU,ไม่มีการเปลี่ยนแปลง,บาสเก็ตบอล,Swimming (ชมรมว่ายน้ำและโปโลน้ำ),DEVIL,เปตอง,เทนนิส,CHORUS,วอลเลย์บอล,MUAN,cheerleader,Libir,แบตมินตัน,IMSU,CMSO,หมอน้อย,ดนตรีสากล,E-sport
680710118,,8,เปตอง,แชร์บอล,Swimming (ชมรมว่ายน้ำและโปโลน้ำ),วอลเลย์บอล,หมอน้อย,MCCC,Libir,ปิงปอง,ไม่มีการเปลี่ยนแปลง,เปตอง,แชร์บอล,Swimming (ชมรมว่ายน้ำและโปโลน้ำ),วอลเลย์บอล,วิ่ง,CHORUS,เทนนิส,MUAN,หมอน้อย,MCCC,Libir,ปิงปอง,E-sport,IMSU,cheerleader,CMSO
680710128,,8,ART,DEVIL,วิ่ง,MUAN,ปิงปอง,หมอน้อย,cheerleader,Libir,ไม่มีการเปลี่ยนแปลง,ART,DEVIL,วิ่ง,MUAN,ฟุตบอล,เทนนิส,บาสเก็ตบอล,ดนตรีไทย,ปิงปอง,หมอน้อย,cheerleader,Libir,MCCC,IMSU,Research,Bridge
680710138,,8,ฟุตบอล,แชร์บอล,CHORUS,Swimming (ชมรมว่ายน้ำและโปโลน้ำ),พอช.,ดนตรีสากล,Libir,MCCC,ไม่มีการเปลี่ยนแปลง,ฟุตบอล,แชร์บอล,CHORUS,Swimming (ชมรมว่ายน้ำและโปโลน้ำ),MUAN,บาสเก็ตบอล,ดนตรีไทย,เทนนิส,พอช.,ดนตรีสากล,Libir,MCCC,Bridge,หมอน้อย,Research,coverdance
680710148,,8,เทนนิส,ดนตรีไทย,Swimming (ชมรมว่ายน้ำและโปโลน้ำ),วิ่ง,ดนตรีสากล,แบตมินตัน,E-sport,Libir,ไม่มีการเปลี่ยนแปลง,เทนนิส,ดนตรีไทย,Swimming (ชมรมว่ายน้ำและโปโลน้ำ),วิ่ง,CHORUS,แชร์บอล,เปตอง,บาสเก็ตบอล,ดนตรีสากล,แบตมินตัน,E-sport,Libir,coverdance,cheerleader,พอช.,Research
680710158,,8,ART,ดนตรีไทย,MUAN,เทนนิส,ปิงปอง,พอช.,ดนตรีสากล,cheerleader,เช้า ช่วงที่ 2: บาสเก็ตบอล → ดนตรีไทย,ART,บาสเก็ตบอล,MUAN,เทนนิส,ดนตรีไทย,แชร์บอล,ฟุตบอล,วิ่ง,ปิงปอง,พอช.,ดนตรีสากล,cheerleader,E-sport,Research,แบตมินตัน,MCCC
680710168,,8,DEVIL,เทนนิส,ART,ฟุตบอล,Research,MCCC,ปิงปอง,ดนตรีสากล,ไม่มีการเปลี่ยนแปลง,DEVIL,เทนนิส,ART,ฟุตบอล,วอลเลย์บอล,เปตอง,แชร์บอล,Swimming (ชมรมว่ายน้ำและโปโลน้ำ),Research,MCCC,ปิงปอง,ดนตรีสากล,แบตมินตัน,หมอน้อย,CMSO,Libir
680710178,,8,CHORUS,วอลเลย์บอล,MUAN,เทนนิส,MCCC,Research,หมอน้อย,IMSU,เช้า ช่วงที่ 2: บาสเก็ตบอล → วอลเลย์บอล,CHORUS,บาสเก็ตบอล,MUAN,เทนนิส,วอลเลย์บอล,ฟุตบอล,แชร์บอล,Swimming (ชมรมว่ายน้ำและโปโลน้ำ),MCCC,Research,หมอน้อย,IMSU,พอช.,แบตมินตัน,Libir,E-sport
680710188,,8,วอลเลย์บอล,Swimming (ชมรมว่ายน้ำและโปโลน้ำ),CHORUS,ART,พอช.,coverdance,Libir,หมอน้อย,เช้า ช่วงที่ 3: DEVIL → CHORUS,วอลเลย์บอล,Swimming (ชมรมว่ายน้ำและโปโลน้ำ),DEVIL,ART,CHORUS,ดนตรีไทย,วิ่ง,MUAN,พอช.,coverdance,Libir,หมอน้อย,MCCC,แบตมินตัน,IMSU,Bridge
680710198,,8,เทนนิส,CHORUS,บาสเก็ตบอล,เปตอง,หมอน้อย,coverdance,Bridge,ดนตรีสากล,เช้า ช่วงที่ 4: Swimming (ชมรมว่ายน้ำและโปโลน้ำ) → เปตอง,เทนนิส,CHORUS,บาสเก็ตบอล,Swimming (ชมรมว่ายน้ำและโปโลน้ำ),เปตอง,วิ่ง,ดนตรีไทย,ฟุตบอล,หมอน้อย,coverdance,Bridge,ดนตรีสากล,CMSO,Research,MCCC,E-sport
680710208,,8,MUAN,บาสเก็ตบอล,ดนตรีไทย,เทนนิส,Libir,ปิงปอง,พอช.,coverdance,"เช้า ช่วงที่ 1: ฟุตบอล → MUAN, เช้า ช่วงที่ 2: CHORUS → บาสเก็ตบอล, บ่าย ช่วงที่ 2: Research → ปิงปอง",ฟุตบอล,CHORUS,ดนตรีไทย,เทนนิส,MUAN,บาสเก็ตบอล,Swimming (ชมรมว่ายน้ำและโปโลน้ำ),แชร์บอล,Libir,Research,พอช.,coverdance,ปิงปอง,ดนตรีสากล,E-sport,cheerleader
680710218,,8,เปตอง,MUAN,วิ่ง,ดนตรีไทย,coverdance,IMSU,ปิงปอง,พอช.,"เช้า ช่วงที่ 1: ART → เปตอง, เช้า ช่วงที่ 2: Swimming (ชมรมว่ายน้ำและโปโลน้ำ) → MUAN, เช้า ช่วงที่ 3: บาสเก็ตบอล → วิ่ง, บ่าย ช่วงที่ 2: Research → IMSU",ART,Swimming (ชมรมว่ายน้ำและโปโลน้ำ),บาสเก็ตบอล,ดนตรีไทย,วิ่ง,MUAN,เทนนิส,เปตอง,coverdance,Research,ปิงปอง,พอช.,IMSU,MCCC,ดนตรีสากล,cheerleader
680710228,,8,เปตอง,MUAN,ฟุตบอล,บาสเก็ตบอล,แบตมินตัน,CMSO,Bridge,ปิงปอง,"เช้า ช่วงที่ 2: วอลเลย์บอล → MUAN, เช้า ช่วงที่ 3: DEVIL → ฟุตบอล",เปตอง,วอลเลย์บอล,DEVIL,บาสเก็ตบอล,MUAN,ฟุตบอล,แชร์บอล,เทนนิส,แบตมินตัน,CMSO,Bridge,ปิงปอง,หมอน้อย,coverdance,ดนตรีสากล,E-sport
680710238,,8,Swimming (ชมรมว่ายน้ำและโปโลน้ำ),ดนตรีไทย,วอลเลย์บอล,บาสเก็ตบอล,หมอน้อย,Libir,CMSO,พอช.,"เช้า ช่วงที่ 4: เทนนิส → บาสเก็ตบอล, บ่าย ช่วงที่ 1: Research → หมอน้อย",Swimming (ชมรมว่ายน้ำและโปโลน้ำ),ดนตรีไทย,วอลเลย์บอล,เทนนิส,บาสเก็ตบอล,CHORUS,แชร์บอล,วิ่ง,Research,Libir,CMSO,พอช.,หมอน้อย,coverdance,cheerleader,Bridge
680710248,,8,ดนตรีไทย,เทนนิส,MUAN,ART,MCCC,IMSU,Libir,แบตมินตัน,"เช้า ช่วงที่ 2: บาสเก็ตบอล → เทนนิส, เช้า ช่วงที่ 3: Swimming (ชมรมว่ายน้ำและโปโลน้ำ) → MUAN, เช้า ช่วงที่ 4: แชร์บอล → ART, บ่าย ช่วงที่ 2: E-sport → IMSU, บ่าย ช่วงที่ 4: ดนตรีสากล → แบตมินตัน",ดนตรีไทย,บาสเก็ตบอล,Swimming (ชมรมว่ายน้ำและโปโลน้ำ),แชร์บอล,ฟุตบอล,เทนนิส,DEVIL,MUAN,MCCC,E-sport,Libir,ดนตรีสากล,IMSU,แบตมินตัน,Research,Bridge
--- จบกลุ่ม 8 ---,,,,,,,,,,,,,,,,,,,,,,,,,,,
680710009,,9,ART,วอลเลย์บอล,DEVIL,แชร์บอล,ปิงปอง,ดนตรีสากล,MCCC,Libir,ไม่มีการเปลี่ยนแปลง,ART,วอลเลย์บอล,DEVIL,แชร์บอล,บาสเก็ตบอล,CHORUS,Swimming (ชมรมว่ายน้ำและโปโลน้ำ),ดนตรีไทย,ปิงปอง,ดนตรีสากล,MCCC,Libir,หมอน้อย,พอช.,Bridge,cheerleader
680710019,,9,เทนนิส,วอลเลย์บอล,MUAN,Swimming (ชมรมว่ายน้ำและโปโลน้ำ),cheerleader,ปิงปอง,หมอน้อย,coverdance,ไม่มีการเปลี่ยนแปลง,เทนนิส,วอลเลย์บอล,MUAN,Swimming (ชมรมว่ายน้ำและโปโลน้ำ),CHORUS,บาสเก็ตบอล,ฟุตบอล,วิ่ง,cheerleader,ปิงปอง,หมอน้อย,coverdance,IMSU,E-sport,Libir,พอช.
680710029,,9,ART,CHORUS,วอลเลย์บอล,ดนตรีไทย,CMSO,ปิงปอง,แบตมินตัน,หมอน้อย,ไม่มีการเปลี่ยนแปลง,ART,CHORUS,วอลเลย์บอล,ดนตรีไทย,ฟุตบอล,Swimming (ชมรมว่ายน้ำและโปโลน้ำ),เทนนิส,DEVIL,CMSO,ปิงปอง,แบตมินตัน,หมอน้อย,MCCC,coverdance,Bridge,IMSU
680710039,,9,MUAN,แชร์บอล,DEVIL,CHORUS,ดนตรีสากล,หมอน้อย,cheerleader,Research,ไม่มีการเปลี่ยนแปลง,MUAN,แชร์บอล,DEVIL,CHORUS,เปตอง,Swimming (ชมรมว่ายน้ำและโปโลน้ำ),วิ่ง,ดนตรีไทย,ดนตรีสากล,หมอน้อย,cheerleader,Research,coverdance,แบตมินตัน,Libir,MCCC
680710049,,9,CHORUS,ART,บาสเก็ตบอล,MUAN,coverdance,Bridge,ดนตรีสากล,Libir,ไม่มีการเปลี่ยนแปลง,CHORUS,ART,บาสเก็ตบอล,MUAN,วอลเลย์บอล,เปตอง,ฟุตบอล,DEVIL,coverdance,Bridge,ดนตรีสากล,Libir,CMSO,พอช.,แบตมินตัน,cheerleader
680710059,,9,ART,วิ่ง,ดนตรีไทย,DEVIL,แบตมินตัน,พอช.,Bridge,Research,ไม่มีการเปลี่ยนแปลง,ART,วิ่ง,ดนตรีไทย,DEVIL,ฟุตบอล,เทนนิส,วอลเลย์บอล,MUAN,แบตมินตัน,พอช.,Bridge,Research,ปิงปอง,Libir,coverdance,cheerleader
680710069,,9,ART,DEVIL,ดนตรีไทย,Swimming (ชมรมว่ายน้ำและโปโลน้ำ),Libir,พอช.,ดนตรีสากล,หมอน้อย,ไม่มีการเปลี่ยนแปลง,ART,DEVIL,ดนตรีไทย,Swimming (ชมรมว่ายน้ำและโปโลน้ำ),บาสเก็ตบอล,วอลเลย์บอล,วิ่ง,CHORUS,Libir,พอช.,ดนตรีสากล,หมอน้อย,coverdance,Bridge,แบตมินตัน,IMSU
680710079,,9,CHORUS,วอลเลย์บอล,MUAN,ART,MCCC,cheerleader,CMSO,หมอน้อย,ไม่มีการเปลี่ยนแปลง,CHORUS,วอลเลย์บอล,MUAN,ART,ฟุตบอล,วิ่ง,DEVIL,เปตอง,MCCC,cheerleader,CMSO,หมอน้อย,Research,Libir,ปิงปอง,แบตมินตัน
680710089,,9,วอลเลย์บอล,เปตอง,DEVIL,แชร์บอล,CMSO,E-sport,coverdance,หมอน้อย,ไม่มีการเปลี่ยนแปลง,วอลเลย์บอล,เปตอง,DEVIL,แชร์บอล,ดนตรีไทย,บาสเก็ตบอล,MUAN,Swimming (ชมรมว่ายน้ำและโปโลน้ำ),CMSO,E-sport,coverdance,หมอน้อย,Bridge,ปิงปอง,แบตมินตัน,IMSU
680710099,,9,CHORUS,DEVIL,วิ่ง,แชร์บอล,ดนตรีสากล,พอช.,CMSO,หมอน้อย,ไม่มีการเปลี่ยนแปลง,CHORUS,DEVIL,วิ่ง,แชร์บอล,บาสเก็ตบอล,เทนนิส,วอลเลย์บอล,ART,ดนตรีสากล,พอช.,CMSO,หมอน้อย,แบตมินตัน,E-sport,MCCC,Libir
680710109,,9,เทนนิส,ดนตรีไทย,เปตอง,DEVIL,Bridge,IMSU,CMSO,E-sport,ไม่มีการเปลี่ยนแปลง,เทนนิส,ดนตรีไทย,เปตอง,DEVIL,Swimming (ชมรมว่ายน้ำและโปโลน้ำ),CHORUS,แชร์บอล,ART,Bridge,IMSU,CMSO,E-sport,แบตมินตัน,cheerleader,หมอน้อย,MCCC
680710119,,9,MUAN,ART,ดนตรีไทย,วอลเลย์บอล,E-sport,CMSO,Research,MCCC,ไม่มีการเปลี่ยนแปลง,MUAN,ART,ดนตรีไทย,วอลเลย์บอล,DEVIL,วิ่ง,แชร์บอล,เทนนิส,E-sport,CMSO,Research,MCCC,พอช.,Libir,ปิงปอง,ดนตรีสากล
680710129,,9,ART,แชร์บอล,ดนตรีไทย,วิ่ง,Research,coverdance,IMSU,ปิงปอง,ไม่มีการเปลี่ยนแปลง,ART,แชร์บอล,ดนตรีไทย,วิ่ง,บาสเก็ตบอล,Swimming (ชมรมว่ายน้ำและโปโลน้ำ),DEVIL,CHORUS,Research,coverdance,IMSU,ปิงปอง,ดนตรีสากล,cheerleader,E-sport,CMSO
680710139,,9,DEVIL,แชร์บอล,เทนนิส,บาสเก็ตบอล,E-sport,ดนตรีสากล,IMSU,Research,ไม่มีการเปลี่ยนแปลง,DEVIL,แชร์บอล,เทนนิส,บาสเก็ตบอล,วิ่ง,CHORUS,วอลเลย์บอล,MUAN,E-sport,ดนตรีสากล,IMSU,Research,ปิงปอง,MCCC,coverdance,แบตมินตัน
680710149,,9,ฟุตบอล,DEVIL,เปตอง,วิ่ง,หมอน้อย,E-sport,แบตมินตัน,ดนตรีสากล,ไม่มีการเปลี่ยนแปลง,ฟุตบอล,DEVIL,เปตอง,วิ่ง,CHORUS,บาสเก็ตบอล,เทนนิส,วอลเลย์บอล,หมอน้อย,E-sport,แบตมินตัน,ดนตรีสากล,CMSO,IMSU,coverdance,ปิงปอง
680710159,,9,ดนตรีไทย,เปตอง,ART,CHORUS,ปิงปอง,cheerleader,E-sport,Bridge,"เช้า ช่วงที่ 2: วอลเลย์บอล → เปตอง, เช้า ช่วงที่ 4: เปตอง → CHORUS",ดนตรีไทย,วอลเลย์บอล,ART,เปตอง,CHORUS,ฟุตบอล,Swimming (ชมรมว่ายน้ำและโปโลน้ำ),DEVIL,ปิงปอง,cheerleader,E-sport,Bridge,Research,coverdance,IMSU,CMSO
680710169,,9,ดนตรีไทย,วิ่ง,วอลเลย์บอล,DEVIL,หมอน้อย,cheerleader,แบตมินตัน,พอช.,ไม่มีการเปลี่ยนแปลง,ดนตรีไทย,วิ่ง,วอลเลย์บอล,DEVIL,เทนนิส,แชร์บอล,ART,เปตอง,หมอน้อย,cheerleader,แบตมินตัน,พอช.,Libir,IMSU,Research,MCCC
680710179,,9,ART,เปตอง,ฟุตบอล,ดนตรีไทย,IMSU,ดนตรีสากล,Research,แบตมินตัน,"เช้า ช่วงที่ 2: วอลเลย์บอล → เปตอง, บ่าย ช่วงที่ 2: E-sport → ดนตรีสากล",ART,วอลเลย์บอล,ฟุตบอล,ดนตรีไทย,CHORUS,แชร์บอล,DEVIL,วิ่ง,IMSU,E-sport,Research,แบตมินตัน,ดนตรีสากล,MCCC,ปิงปอง,Bridge
680710189,,9,Swimming (ชมรมว่ายน้ำและโปโลน้ำ),วอลเลย์บอล,วิ่ง,ฟุตบอล,Bridge,ปิงปอง,Libir,CMSO,"เช้า ช่วงที่ 2: DEVIL → วอลเลย์บอล, บ่าย ช่วงที่ 3: E-sport → Libir",Swimming (ชมรมว่ายน้ำและโปโลน้ำ),DEVIL,วิ่ง,ฟุตบอล,วอลเลย์บอล,แชร์บอล,เปตอง,ดนตรีไทย,Bridge,ปิงปอง,E-sport,CMSO,Libir,ดนตรีสากล,หมอน้อย,cheerleader
680710199,,9,บาสเก็ตบอล,แชร์บอล,วิ่ง,เทนนิส,หมอน้อย,coverdance,ปิงปอง,cheerleader,ไม่มีการเปลี่ยนแปลง,บาสเก็ตบอล,แชร์บอล,วิ่ง,เทนนิส,วอลเลย์บอล,เปตอง,MUAN,DEVIL,หมอน้อย,coverdance,ปิงปอง,cheerleader,แบตมินตัน,Libir,Research,CMSO
680710209,,9,บาสเก็ตบอล,แชร์บอล,วิ่ง,เทนนิส,แบตมินตัน,Libir,cheerleader,IMSU,"บ่าย ช่วงที่ 1: ดนตรีสากล → แบตมินตัน, บ่าย ช่วงที่ 3: Research → cheerleader",บาสเก็ตบอล,แชร์บอล,วิ่ง,เทนนิส,วอลเลย์บอล,ART,MUAN,Swimming (ชมรมว่ายน้ำและโปโลน้ำ),ดนตรีสากล,Libir,Research,IMSU,แบตมินตัน,cheerleader,Bridge,หมอน้อย
680710219,,9,เปตอง,บาสเก็ตบอล,แชร์บอล,ดนตรีไทย,แบตมินตัน,Bridge,พอช.,ปิงปอง,"เช้า ช่วงที่ 1: วอลเลย์บอล → เปตอง, บ่าย ช่วงที่ 3: E-sport → พอช., บ่าย ช่วงที่ 4: MCCC → ปิงปอง",วอลเลย์บอล,บาสเก็ตบอล,แชร์บอล,ดนตรีไทย,CHORUS,เทนนิส,เปตอง,Swimming (ชมรมว่ายน้ำและโปโลน้ำ),แบตมินตัน,Bridge,E-sport,MCCC,พอช.,ปิงปอง,Research,Libir
680710229,,9,แชร์บอล,เทนนิส,ART,CHORUS,Libir,IMSU,พอช.,cheerleader,"เช้า ช่วงที่ 2: บาสเก็ตบอล → เทนนิส, เช้า ช่วงที่ 3: ฟุตบอล → ART",แชร์บอล,บาสเก็ตบอล,ฟุตบอล,CHORUS,ART,เทนนิส,เปตอง,วิ่ง,Libir,IMSU,พอช.,cheerleader,ดนตรีสากล,หมอน้อย,ปิงปอง,CMSO
680710239,,9,เปตอง,Swimming (ชมรมว่ายน้ำและโปโลน้ำ),วอลเลย์บอล,วิ่ง,Bridge,พอช.,Libir,Research,"เช้า ช่วงที่ 1: แชร์บอล → เปตอง, เช้า ช่วงที่ 3: บาสเก็ตบอล → วอลเลย์บอล, บ่าย ช่วงที่ 1: ดนตรีสากล → Bridge, บ่าย ช่วงที่ 3: แบตมินตัน → Libir",แชร์บอล,Swimming (ชมรมว่ายน้ำและโปโลน้ำ),บาสเก็ตบอล,วิ่ง,เปตอง,ฟุตบอล,CHORUS,วอลเลย์บอล,ดนตรีสากล,พอช.,แบตมินตัน,Research,Bridge,Libir,หมอน้อย,E-sport
680710249,,9,วิ่ง,เทนนิส,แชร์บอล,MUAN,CMSO,Bridge,MCCC,coverdance,"เช้า ช่วงที่ 3: บาสเก็ตบอล → แชร์บอล, เช้า ช่วงที่ 4: ดนตรีไทย → MUAN, บ่าย ช่วงที่ 1: cheerleader → CMSO, บ่าย ช่วงที่ 2: E-sport → Bridge, บ่าย ช่วงที่ 3: แบตมินตัน → MCCC",วิ่ง,เทนนิส,บาสเก็ตบอล,ดนตรีไทย,แชร์บอล,MUAN,วอลเลย์บอล,Swimming (ชมรมว่ายน้ำและโปโลน้ำ),cheerleader,E-sport,แบตมินตัน,coverdance,Bridge,ปิงปอง,MCCC,Libir
